,Title,Features.Max Players,Features.Multiplatform?,Features.Online?,Metadata.Genres,Metadata.Publishers,Price,Release.Console,Release.Year,Length.Completionists.Polled,Length.Main Story.Average
0,?kami,1,True,True,Action,Capcom,17.95,Nintendo Wii,2008,70,36.96666666666667
1,007: From Russia with Love,1,True,True,"Action,Racing / Driving",EA,17.95,Sony PSP,2006,0,6.333333333333333
2,300: March to Glory,1,True,True,Action,Eidos,14.95,Sony PSP,2007,0,7.4
3,7 Wonders of the Ancient World,1,True,True,Strategy,,17.95,Nintendo DS,2007,0,7.483333333333333
4,AC/DC Live: Rock Band - Track Pack,4,True,True,"Action,Simulation",,14.95,X360,2008,0,3.633333333333333
5,Ace Combat 6: Fires of Liberation,1,True,True,"Action,Simulation",Namco,19.95,X360,2007,0,12.416666666666666
6,Ace Combat X: Skies of Deception,1,True,True,"Action,Simulation",Namco,22.95,Sony PSP,2006,1,4.183333333333334
7,Advance Wars: Days of Ruin,4,True,True,Strategy,Nintendo,17.95,Nintendo DS,2008,3,20.116666666666667
8,Advance Wars: Dual Strike,1,True,True,Strategy,Nintendo,17.95,Nintendo DS,2005,4,24.2
9,Afrika,1,True,True,"Adventure,Simulation",Sony,47.95,PlayStation 3,2008,5,23.666666666666668
10,After Burner: Black Falcon,1,True,True,Action,Sega,19.95,Sony PSP,2007,0,0.0
11,Agatha Christie: And Then There Were None,1,True,True,Adventure,,17.95,Nintendo Wii,2008,2,7.166666666666667
12,Agatha Christie: Evil Under the Sun,1,True,True,Adventure,,17.95,Nintendo Wii,2008,1,9.25
13,Age of Empires: Mythologies,1,True,True,Strategy,THQ,17.95,Nintendo DS,2008,1,0.0
14,Age of Empires: The Age of Kings,1,True,True,Strategy,,17.95,Nintendo DS,2006,9,46.15
15,Alex Rider: Stormbreaker,1,True,True,"Action,Adventure",THQ,12.95,Nintendo DS,2006,1,0.0
16,Alien Syndrome,1,True,True,Action,Sega,12.95,Sony PSP,2007,1,3.05
17,Aliens Vs Predator: Requiem,2,True,True,Action,,17.95,Sony PSP,2007,0,0.0
18,All-Pro Football 2K8,4,True,True,Sports,2K,7.95,X360,2007,0,12.0
19,Alone in the Dark,1,True,True,"Action,Adventure,Racing / Driving",Atari,14.95,X360,2008,4,5.866666666666667
20,Amped 3,1,True,True,Sports,2K,14.95,X360,2005,2,6.333333333333333
21,Animal Crossing: City Folk,1,True,True,Simulation,Nintendo,29.95,Nintendo Wii,2008,2,69.83333333333333
22,Animal Crossing: Wild World,1,True,True,Simulation,Nintendo,24.95,Nintendo DS,2005,4,72.38333333333334
23,Anubis II,1,True,True,Action,,9.95,Nintendo Wii,2007,0,0.0
24,Ape Escape Academy,4,True,True,"Action,Sports",Sony,14.95,Sony PSP,2004,0,1.8833333333333333
25,Apollo Justice: Ace Attorney,1,True,True,"Adventure,Simulation",Capcom,24.95,Nintendo DS,2008,39,19.516666666666666
26,Arkanoid DS,1,True,True,Strategy,SquareEnix,16.95,Nintendo DS,2007,0,0.0
27,Armored Core 4,2,True,True,Action,Sega,19.95,PlayStation 3,2006,0,23.0
28,Armored Core: For Answer,1,True,True,Action,Ubisoft,29.95,PlayStation 3,2008,2,10.25
29,Armored Core: Formula Front - Extreme Battle,1,True,True,"Action,Strategy",,16.95,Sony PSP,2004,0,0.0
30,Army of Two,2,True,True,Action,EA,16.95,X360,2008,0,6.566666666666666
31,Asphalt: Urban GT,1,True,True,"Racing / Driving,Simulation",Ubisoft,14.95,Nintendo DS,2004,1,15.0
32,Assassin's Creed,1,True,True,Action,Ubisoft,16.95,X360,2007,115,15.3
33,Assassin's Creed: Altar's Chronicles,1,True,True,Action,Ubisoft,11.95,Nintendo DS,2008,5,5.183333333333334
34,Astonishia Story,1,True,True,"Role-Playing (RPG),Strategy",Ubisoft,16.95,Sony PSP,2006,1,19.15
35,ATV Offroad Fury: Blazin' Trails,4,True,True,"Racing / Driving,Sports",Sony,12.95,Sony PSP,2005,0,0.0
36,ATV Quad Frenzy,1,True,True,"Racing / Driving,Sports",,14.95,Nintendo DS,2005,0,0.0
37,Avalon Code,1,True,True,"Action,Adventure,Role-Playing (RPG)",,27.95,Nintendo DS,2008,2,21.0
38,Avatar: The Last Airbender,1,True,True,Action,THQ,17.95,Nintendo DS,2006,5,5.333333333333333
39,B-Boy,1,True,True,Action,Sony,17.95,Sony PSP,2006,0,0.0
40,Baja: Edge of Control,4,True,True,"Racing / Driving,Simulation,Sports",THQ,16.95,X360,2008,0,0.0
41,Bangai-O Spirits,1,True,True,Action,,14.95,Nintendo DS,2008,1,8.0
42,Banjo-Kazooie: Nuts & Bolts,1,True,True,"Action,Adventure,Racing / Driving,Sports",Microsoft,17.95,X360,2008,8,16.183333333333334
43,Barnyard,1,True,True,"Action,Adventure",THQ,17.95,Nintendo Wii,2007,0,0.0
44,Baroque,1,True,True,"Action,Role-Playing (RPG)",,19.95,Nintendo Wii,2008,0,7.783333333333333
45,Battle Fantasia,2,True,True,"Action,Role-Playing (RPG)",,22.95,X360,2008,0,1.1333333333333333
46,Battle of the Bands,2,True,True,"Action,Simulation",THQ,14.95,Nintendo Wii,2008,0,0.0
47,Battlefield 2: Modern Combat,4,True,True,Action,EA,16.95,X360,2005,0,6.733333333333333
48,Battlefield: Bad Company,1,True,True,Action,EA,16.95,X360,2008,17,6.85
49,Battles of Prince of Persia,1,True,True,Strategy,Ubisoft,14.95,Nintendo DS,2005,0,8.5
50,Battlestations: Midway,1,True,True,"Action,Strategy",Eidos,17.95,X360,2007,0,8.3
51,BattleZone,1,True,True,Action,Atari,14.95,Sony PSP,2006,0,0.0
52,Beautiful Katamari,1,True,True,Action,Namco,17.95,X360,2007,2,5.866666666666667
53,Bee Movie Game,1,True,True,Adventure,Activision,17.95,Nintendo DS,2007,1,5.916666666666667
54,Beijing 2008,4,True,True,Sports,Sega,14.95,X360,2008,0,0.0
55,Ben 10: Protector of the Earth,1,True,True,Action,,16.95,Nintendo Wii,2007,3,4.816666666666666
56,Beowulf: The Game,1,True,True,Action,Ubisoft,12.95,X360,2007,0,11.533333333333331
57,Big Brain Academy,1,True,True,Action,Nintendo,16.95,Nintendo DS,2005,3,4.3
58,Big Brain Academy: Wii Degree,8,True,True,Action,Nintendo,19.95,Nintendo Wii,2007,0,0.0
59,Bionicle Heroes,1,True,True,Action,Eidos,16.95,Nintendo DS,2006,5,8.55
60,BioShock,1,True,True,Action,2K,16.95,X360,2007,214,12.266666666666667
61,BlackSite: Area 51,1,True,True,Action,Midway,17.95,X360,2007,2,5.733333333333333
62,Blade Dancer: Lineage of Light,1,True,True,Role-Playing (RPG),,16.95,Sony PSP,2006,1,29.75
63,Bladestorm: The Hundred Years' War,1,True,True,"Action,Role-Playing (RPG),Strategy",,44.95,PlayStation 3,2007,0,0.0
64,"Blast Works: Build, Trade, Destroy",4,True,True,Action,,14.95,Nintendo Wii,2008,0,0.0
65,Blazing Angels 2: Secret Missions of WWII,2,True,True,Action,Ubisoft,16.95,X360,2007,0,10.0
66,Blazing Angels: Squadrons of WWII,2,True,True,Action,Ubisoft,16.95,X360,2006,0,0.0
67,Bleach: The Blade of Fate,1,True,True,Action,Sega,17.95,Nintendo DS,2007,2,5.55
68,Blitz: The League,2,True,True,Sports,Midway,14.95,X360,2006,0,15.0
69,Blitz: The League II,2,True,True,"Action,Sports",Midway,14.95,PlayStation 3,2008,0,20.0
70,Blue Dragon,1,True,True,Role-Playing (RPG),Microsoft,14.95,X360,2006,9,44.5
71,Bomberman,1,True,True,Strategy,Ubisoft,17.95,Nintendo DS,2005,0,3.333333333333333
72,Bomberman Land,4,True,True,Action,,19.95,Nintendo Wii,2008,0,0.0
73,Bomberman Land Touch!,1,True,True,Action,,24.95,Nintendo DS,2006,0,15.0
74,Bomberman: Act Zero,1,True,True,Action,Konami,12.95,X360,2006,0,0.0
75,Boogie,2,True,True,Action,EA,17.95,Nintendo Wii,2007,0,0.0
76,Boom Blox,4,True,True,"Action,Strategy",EA,24.95,Nintendo Wii,2008,0,5.666666666666667
77,Bounty Hounds,1,True,True,"Action,Strategy",Namco,17.95,Sony PSP,2006,0,0.0
78,Brain Age: Train Your Brain in Minutes a Day!,1,True,True,Action,Nintendo,17.95,Nintendo DS,2005,2,0.9333333333333332
79,Brain Agey: More Training in Minutes a Day!,1,True,True,Action,Nintendo,17.95,Nintendo DS,2005,1,7.266666666666667
80,Brave Story: New Traveler,1,True,True,Role-Playing (RPG),,17.95,Sony PSP,2007,3,23.5
81,Break 'em All,1,True,True,Action,,17.95,Nintendo DS,2005,0,0.0
82,Brooktown High,1,True,True,Simulation,Konami,16.95,Sony PSP,2007,0,0.0
83,Brothers in Arms DS,1,True,True,Action,Ubisoft,17.95,Nintendo DS,2007,0,5.0
84,Brothers in Arms: D-Day,1,True,True,Action,Ubisoft,6.95,Sony PSP,2006,0,8.0
85,Brothers in Arms: Double Time,1,True,True,"Action,Strategy",Ubisoft,17.95,Nintendo Wii,2008,0,0.0
86,Brothers in Arms: Hell's Highway,1,True,True,Action,Ubisoft,17.95,X360,2008,4,8.3
87,Bubble Bobble Double Shot,1,True,True,Action,,17.95,Nintendo DS,2007,0,0.0
88,Bubble Bobble Evolution,1,True,True,Action,,12.95,Sony PSP,2006,0,0.0
89,Bubble Bobble Revolution,1,True,True,Action,,17.95,Nintendo DS,2005,0,0.0
90,Bullet Witch,1,True,True,Action,Atari,16.95,X360,2006,1,6.266666666666667
91,Bully: Scholarship Edition,1,True,True,"Action,Adventure",Rockstar,17.95,X360,2008,41,14.25
92,Burnout Dominator,4,True,True,"Action,Racing / Driving",EA,17.95,Sony PSP,2007,1,14.0
93,Burnout Legends,1,True,True,"Action,Racing / Driving",EA,14.95,Sony PSP,2005,4,6.516666666666667
94,Burnout Paradise,1,True,True,"Action,Racing / Driving",EA,17.95,PlayStation 3,2008,23,13.783333333333331
95,Bust-a-Move Deluxe,2,True,True,Strategy,,14.95,Sony PSP,2006,0,0.0
96,Bust-a-Move DS,1,True,True,"Action,Strategy",,17.95,Nintendo DS,2005,0,0.0
97,BWii: Battalion Wars 2,1,True,True,"Action,Simulation,Strategy",Nintendo,14.95,Nintendo Wii,2007,0,10.033333333333331
98,Cabela's African Safari,1,True,True,Sports,Activision,17.95,X360,2006,0,0.0
99,Cabela's Alaskan Adventures,1,True,True,Sports,Activision,17.95,X360,2006,1,0.0
100,Cabela's Big Game Hunter,1,True,True,"Simulation,Sports",Activision,19.95,X360,2007,0,4.0
101,Cabela's Dangerous Hunts 2009,1,True,True,Sports,Activision,19.95,X360,2008,0,0.0
102,Cake Mania,1,True,True,Action,,16.95,Nintendo DS,2007,3,5.333333333333333
103,Call of Duty 2,4,True,True,Action,"Activision,Konami",17.95,X360,2005,39,8.516666666666667
104,Call of Duty 3,2,True,True,Action,Activision,16.95,X360,2006,5,8.3
105,Call of Duty 4: Modern Warfare,4,True,True,Action,Activision,29.95,X360,2007,50,6.75
106,Call of Duty: Roads to Victory,1,True,True,Action,Activision,24.95,Sony PSP,2007,2,5.316666666666666
107,Call of Duty: World at War,4,True,True,Action,Activision,29.95,X360,2008,19,7.8
108,Call of Juarez,1,True,True,Action,Ubisoft,14.95,X360,2007,13,7.916666666666667
109,Capcom Classics Collection Reloaded,1,True,True,Action,Capcom,17.95,Sony PSP,2006,0,0.0
110,Capcom Classics Collection Remixed,1,True,True,Action,Capcom,17.95,Sony PSP,2005,0,0.0
111,Capcom Puzzle World,1,True,True,Strategy,Capcom,19.95,Sony PSP,2007,0,0.0
112,Cartoon Network Racing,1,True,True,Racing / Driving,,14.95,Nintendo DS,2006,1,0.0
113,Castlevania Judgment,2,True,True,Action,Konami,17.95,Nintendo Wii,2008,0,7.783333333333333
114,Castlevania: Dawn of Sorrow,1,True,True,"Action,Role-Playing (RPG)",Konami,17.95,Nintendo DS,2005,19,11.216666666666669
115,Castlevania: Order of Ecclesia,1,True,True,"Action,Adventure,Role-Playing (RPG)",Konami,24.95,Nintendo DS,2008,13,10.833333333333334
116,Castlevania: Portrait of Ruin,1,True,True,Action,Konami,17.95,Nintendo DS,2006,9,11.1
117,Castlevania: The Dracula X Chronicles,2,True,True,Action,Konami,16.95,Sony PSP,2007,1,6.766666666666667
118,Chicken Hunter,1,True,True,Action,,17.95,Nintendo DS,2008,1,0.0
119,Chicken Shoot,2,True,True,Action,,12.95,Nintendo Wii,2007,1,0.75
120,Children of Mana,1,True,True,"Action,Role-Playing (RPG)","Nintendo,SquareEnix",16.95,Nintendo DS,2006,5,17.683333333333334
121,Chromehounds,1,True,True,"Action,Simulation,Strategy",Sega,14.95,X360,2006,1,10.0
122,Chrono Trigger,2,True,True,Role-Playing (RPG),SquareEnix,17.95,Nintendo DS,2008,63,23.416666666666668
123,Clubhouse Games,1,True,True,Strategy,Nintendo,17.95,Nintendo DS,2005,1,0.0
124,Code Lyoko,1,True,True,"Action,Adventure",,11.95,Nintendo DS,2007,0,6.516666666666667
125,Code Lyoko: Fall of X.A.N.A,1,True,True,"Action,Role-Playing (RPG)",,14.95,Nintendo DS,2008,0,15.15
126,Code Lyoko: Quest for Infinity,1,True,True,Action,,17.95,Nintendo Wii,2007,0,5.8
127,Coded Arms,1,True,True,Action,Konami,12.95,Sony PSP,2005,0,4.816666666666666
128,Coded Arms: Contagion,1,True,True,Action,Konami,14.95,Sony PSP,2007,0,9.85
129,College Hoops 2K6,1,True,True,Sports,2K,6.95,X360,2006,3,0.0
130,College Hoops 2K7,4,True,True,Sports,2K,6.95,X360,2006,0,0.0
131,College Hoops 2K8,1,True,True,Sports,2K,9.95,X360,2007,0,0.0
132,Command & Conquer 3: Kane's Wrath,1,True,True,Strategy,EA,17.95,X360,2008,0,8.733333333333333
133,Command & Conquer 3: Tiberium Wars,1,True,True,Strategy,EA,24.95,X360,2007,4,23.83333333333333
134,Command & Conquer: Red Alert 3,1,True,True,Strategy,EA,14.95,X360,2008,1,10.983333333333333
135,Conan,1,True,True,"Action,Adventure",THQ,17.95,PlayStation 3,2007,2,6.3
136,Condemned 2: Bloodshot,1,True,True,"Action,Adventure",Sega,14.95,X360,2008,1,8.633333333333333
137,Condemned: Criminal Origins,1,True,True,"Action,Adventure",Sega,14.95,X360,2005,7,7.25
138,Conflict: Denied Ops,4,True,True,Action,Eidos,12.95,X360,2008,0,5.783333333333333
139,Contact,1,True,True,"Adventure,Role-Playing (RPG)",,14.95,Nintendo DS,2006,5,11.75
140,Contra 4,1,True,True,Action,Konami,17.95,Nintendo DS,2007,2,5.333333333333333
141,Cooking Mama,1,True,True,Simulation,,17.95,Nintendo DS,2006,0,8.633333333333333
142,Cooking Mama 2: Dinner with Friends,1,True,True,Simulation,,17.95,Nintendo DS,2007,1,5.266666666666667
143,Cooking Mama: Cook Off,2,True,True,Simulation,,14.95,Nintendo Wii,2007,0,3.4
144,Crackdown,1,True,True,"Action,Racing / Driving,Role-Playing (RPG)",Microsoft,14.95,X360,2007,6,11.033333333333331
145,Cradle of Rome,1,True,True,Strategy,,17.95,Nintendo DS,2008,0,0.0
146,Crash of the Titans,1,True,True,Action,,17.95,Nintendo DS,2007,2,7.433333333333334
147,Crash: Mind over Mutant,1,True,True,Action,,17.95,Nintendo Wii,2008,1,5.833333333333333
148,Crazy Taxi: Fare Wars,1,True,True,"Action,Racing / Driving",Sega,17.95,Sony PSP,2007,0,0.0
149,CrossworDS,1,True,True,"Educational,Strategy",,17.95,Nintendo DS,2007,0,0.0
150,Crush,1,True,True,Action,Sega,16.95,Sony PSP,2007,1,5.5
151,Cube,1,True,True,Strategy,,17.95,Sony PSP,2007,0,0.0
152,Culdcept Saga,4,True,True,Strategy,Namco,17.95,X360,2008,0,0.0
153,Custom Robo Arena,1,True,True,"Action,Role-Playing (RPG)",Nintendo,17.95,Nintendo DS,2006,1,18.8
154,Dance Dance Revolution Hottest Party,4,True,True,Action,Konami,17.95,Nintendo Wii,2007,0,8.0
155,Dance Dance Revolution Universe 2,4,True,True,Action,Konami,19.95,X360,2007,0,8.0
156,Dark Messiah of Might and Magic: Elements,1,True,True,"Action,Role-Playing (RPG)",Ubisoft,17.95,X360,2008,17,10.7
157,Dark Sector,1,True,True,Action,,14.95,PlayStation 3,2008,3,8.2
158,Darkstalkers Chronicle: The Chaos Tower,1,True,True,Action,Capcom,14.95,Sony PSP,2004,0,1.6333333333333333
159,Daxter,1,True,True,Action,Sony,14.95,Sony PSP,2006,6,7.35
160,De Blob,4,True,True,Action,THQ,16.95,Nintendo Wii,2008,4,8.133333333333333
161,Dead Head Fred,1,True,True,Action,,12.95,Sony PSP,2007,0,8.0
162,Dead or Alive 4,4,True,True,Action,,17.95,X360,2005,4,3.733333333333333
163,Dead or Alive: Xtreme 2,1,True,True,"Racing / Driving,Sports",,14.95,X360,2006,0,1.0
164,Dead Rising,1,True,True,Action,Capcom,16.95,X360,2006,6,11.083333333333334
165,Dead Space,1,True,True,Action,EA,17.95,PlayStation 3,2008,89,11.416666666666666
166,Dead to Rights: Reckoning,1,True,True,Action,Namco,14.95,Sony PSP,2005,1,2.15
167,Deal or No Deal,1,True,True,Strategy,,11.95,Nintendo DS,2007,1,0.1166666666666666
168,Death Jr.,1,True,True,Action,Konami,9.95,Sony PSP,2005,0,3.533333333333333
169,Death Jr. and the Science Fair of Doom,1,True,True,Action,Konami,12.95,Nintendo DS,2007,0,0.0
170,Death Jr. II: Root of Evil,2,True,True,Action,Konami,14.95,Sony PSP,2006,0,6.016666666666667
171,Deep Labyrinth,1,True,True,Role-Playing (RPG),,10.95,Nintendo DS,2006,0,13.566666666666666
172,Def Jam Fight for NY: The Takeover,1,True,True,Action,EA,17.95,Sony PSP,2006,0,5.133333333333334
173,Def Jam: Icon,2,True,True,Action,EA,17.95,X360,2007,0,8.0
174,Dementium: The Ward,1,True,True,Action,,17.95,Nintendo DS,2007,5,3.883333333333333
175,Destroy All Humans! Big Willy Unleashed,2,True,True,Adventure,THQ,17.95,Nintendo Wii,2008,0,4.5
176,Devil May Cry 4,1,True,True,Action,Capcom,17.95,X360,2008,5,11.316666666666666
177,Diddy Kong Racing DS,1,True,True,"Racing / Driving,Sports",Nintendo,24.95,Nintendo DS,2007,2,10.05
178,Dig Dug: Digging Strike,1,True,True,Action,Namco,16.95,Nintendo DS,2005,0,0.0
179,Digimon World DS,1,True,True,Role-Playing (RPG),Namco,27.95,Nintendo DS,2006,1,21.183333333333334
180,Diner Dash,1,True,True,Action,,17.95,Nintendo DS,2007,1,4.3
181,DiRT,1,True,True,"Racing / Driving,Simulation,Sports",,17.95,X360,2007,3,12.9
182,Disgaea DS,1,True,True,"Role-Playing (RPG),Strategy",,24.95,Nintendo DS,2008,5,43.95
183,Disgaea: Afternoon of Darkness,1,True,True,"Role-Playing (RPG),Strategy",,17.95,Sony PSP,2007,4,45.083333333333336
184,Disney Pirates of the Caribbean: At World's End,1,True,True,Action,Disney,14.95,Nintendo DS,2007,1,5.8
185,Dissidia: Final Fantasy,1,True,True,"Action,Role-Playing (RPG)",SquareEnix,17.95,Sony PSP,2008,10,30.433333333333334
186,DK: Jungle Climber,1,True,True,"Action,Strategy",Nintendo,24.95,Nintendo DS,2007,0,5.15
187,Dokapon Kingdom,1,True,True,"Role-Playing (RPG),Strategy",,17.95,Nintendo Wii,2008,0,24.53333333333333
188,Don King Presents: Prizefighter,2,True,True,Sports,2K,14.95,X360,2008,0,0.0
189,Donkey Kong Barrel Blast,4,True,True,Racing / Driving,Nintendo,29.95,Nintendo Wii,2007,0,0.0
190,Draglade,1,True,True,Action,,16.95,Nintendo DS,2007,0,4.033333333333333
191,Dragon Ball Z: Budokai Tenkaichi 2,2,True,True,Action,Atari,14.95,Nintendo Wii,2006,5,11.283333333333331
192,Dragon Ball Z: Budokai Tenkaichi 3,2,True,True,Action,Atari,17.95,Nintendo Wii,2007,7,13.45
193,Dragon Ball Z: Burst Limit,2,True,True,Action,"Atari,Namco",17.95,X360,2008,0,5.5
194,Dragon Ball Z: Harukanaru Densetsu,1,True,True,Strategy,Atari,14.95,Nintendo DS,2007,0,0.0
195,Dragon Ball Z: Shin Budokai - Another Road,1,True,True,Action,"Atari,Namco",16.95,Sony PSP,2007,1,8.533333333333333
196,Dragon Ball Z: Supersonic Warriors 2,1,True,True,Action,Atari,22.95,Nintendo DS,2005,7,14.966666666666669
197,Dragon Ball: Origins,1,True,True,"Action,Adventure",Atari,15.95,Nintendo DS,2008,0,10.516666666666667
198,Dragon Quest Heroes: Rocket Slime,1,True,True,Action,SquareEnix,12.95,Nintendo DS,2005,5,12.583333333333334
199,Dragon Quest IV: Chapters of the Chosen,1,True,True,Role-Playing (RPG),SquareEnix,24.95,Nintendo DS,2007,15,27.566666666666663
200,Dragon Quest Monsters: Joker,1,True,True,Role-Playing (RPG),SquareEnix,14.95,Nintendo DS,2006,2,34.9
201,Dragon Quest Swords: The Masked Queen and the T...,1,True,True,Action,SquareEnix,16.95,Nintendo Wii,2007,1,8.683333333333334
202,Dragon Quest V: Hand of the Heavenly Bride,1,True,True,Role-Playing (RPG),SquareEnix,29.95,Nintendo DS,2008,5,30.65
203,Dragoneer's Aria,1,True,True,Role-Playing (RPG),,24.95,Sony PSP,2007,0,37.63333333333333
204,Drawn to Life,1,True,True,Action,THQ,17.95,Nintendo DS,2007,1,14.366666666666667
205,Dream Pinball 3D,4,True,True,Simulation,,16.95,Nintendo Wii,2008,0,0.0
206,Driver: Parallel Lines,1,True,True,"Action,Racing / Driving",Ubisoft,24.95,Nintendo Wii,2007,0,10.55
207,Dungeon Explorer: Warriors of Ancient Arts,1,True,True,"Action,Role-Playing (RPG)",,17.95,Nintendo DS,2008,0,12.583333333333334
208,Dungeon Maker: Hunting Ground,1,True,True,"Action,Role-Playing (RPG)",,14.95,Sony PSP,2006,0,0.0
209,Dungeon Siege: Throne of Agony,1,True,True,Role-Playing (RPG),2K,24.95,Sony PSP,2006,1,17.216666666666665
210,Dynasty Warriors,1,True,True,"Action,Adventure,Role-Playing (RPG)",,14.95,Sony PSP,2004,0,8.883333333333333
211,Dynasty Warriors 5: Empires,2,True,True,"Action,Role-Playing (RPG),Strategy",,14.95,X360,2006,7,14.216666666666669
212,Dynasty Warriors 6,2,True,True,"Action,Strategy",,24.95,PlayStation 3,2008,0,15.5
213,Dynasty Warriors DS: Fighter's Battle,1,True,True,"Action,Strategy",,14.95,Nintendo DS,2007,0,0.0
214,Dynasty Warriors: Gundam,2,True,True,Action,Namco,22.95,PlayStation 3,2007,6,31.466666666666665
215,EA Playground,4,True,True,"Action,Racing / Driving,Sports",EA,17.95,Nintendo Wii,2007,0,0.0
216,EA Replay,4,True,True,"Action,Role-Playing (RPG),Simulation,Sports,Strategy",EA,14.95,Sony PSP,2006,0,0.0
217,Earth Defense Force 2017,2,True,True,Action,,17.95,X360,2006,2,9.85
218,Elebits,4,True,True,Action,Konami,14.95,Nintendo Wii,2006,0,8.016666666666667
219,Electroplankton,1,True,True,Simulation,Nintendo,29.95,Nintendo DS,2005,1,0.4166666666666667
220,Elite Beat Agents,1,True,True,Action,Nintendo,9.95,Nintendo DS,2006,11,4.15
221,Enchanted Arms,1,True,True,Role-Playing (RPG),Ubisoft,17.95,X360,2006,22,22.48333333333333
222,Endless Ocean,1,True,True,Simulation,Nintendo,24.95,Nintendo Wii,2007,0,0.0
223,Enemy Territory: Quake Wars,1,True,True,Action,Activision,14.95,X360,2008,0,11.116666666666667
224,Eragon,1,True,True,"Action,Role-Playing (RPG)",,16.95,Nintendo DS,2006,6,5.433333333333334
225,Escape from Bug Island,1,True,True,Action,Eidos,14.95,Nintendo Wii,2007,0,5.683333333333334
226,Eternal Sonata,1,True,True,Role-Playing (RPG),Namco,27.95,X360,2007,14,29.133333333333333
227,Etrian Odyssey,1,True,True,Role-Playing (RPG),Nintendo,24.95,Nintendo DS,2007,4,51.0
228,Etrian Odyssey II: Heroes of Lagaard,1,True,True,Role-Playing (RPG),,24.95,Nintendo DS,2008,1,49.7
229,Every Extend Extra,1,True,True,Action,,11.95,Sony PSP,2006,0,12.0
230,Excite Truck,2,True,True,Racing / Driving,Nintendo,19.95,Nintendo Wii,2006,3,7.0
231,Exit,1,True,True,Action,Ubisoft,9.95,Sony PSP,2005,0,6.0
232,F.E.A.R. Files,1,True,True,Action,,17.95,X360,2007,0,10.5
233,F.E.A.R.: First Encounter Assault Recon,1,True,True,Action,,17.95,X360,2006,62,8.583333333333334
234,Fable II,1,True,True,Role-Playing (RPG),Microsoft,17.95,X360,2008,28,12.816666666666666
235,Facebreaker,2,True,True,Sports,EA,12.95,X360,2008,0,0.0
236,Fading Shadows,1,True,True,"Action,Adventure",,17.95,Sony PSP,2008,0,0.0
237,Fallout 3,1,True,True,"Action,Role-Playing (RPG)",,17.95,X360,2008,146,24.55
238,Family Guy Video Game!,1,True,True,Action,2K,19.95,Sony PSP,2006,0,6.1
239,Fantastic Four: Rise of the Silver Surfer,4,True,True,Action,2K,14.95,PlayStation 3,2007,0,5.566666666666666
240,Far Cry 2,1,True,True,Action,Ubisoft,19.95,X360,2008,32,17.316666666666666
241,Far Cry: Instincts - Predator,4,True,True,Action,Ubisoft,17.95,X360,2006,1,15.733333333333333
242,Far Cry: Vengeance,2,True,True,Action,Ubisoft,16.95,Nintendo Wii,2006,0,0.0
243,Feel the Magic XY/XX,1,True,True,"Action,Adventure,Racing / Driving,Sports",Sega,8.95,Nintendo DS,2004,0,2.85
244,Ferrari Challenge Trofeo Pirelli,1,True,True,Racing / Driving,,17.95,PlayStation 3,2008,1,16.0
245,Field Commander,2,True,True,Strategy,"Sony,Ubisoft",14.95,Sony PSP,2006,0,13.883333333333333
246,FIFA Soccer,1,True,True,Sports,EA,14.95,Sony PSP,2005,0,0.0
247,FIFA Street 2,1,True,True,Sports,EA,17.95,Sony PSP,2006,3,19.5
248,FIFA Street 3,4,True,True,Sports,EA,14.95,X360,2008,0,5.0
249,Fight Night Round 3,2,True,True,"Action,Sports",EA,14.95,X360,2006,6,11.033333333333331
250,Final Fantasy,1,True,True,Role-Playing (RPG),SquareEnix,17.95,Sony PSP,2007,39,17.716666666666665
251,Final Fantasy Fables: Chocobo Tales,1,True,True,Action,SquareEnix,17.95,Nintendo DS,2007,7,9.45
252,Final Fantasy Fables: Chocobo's Dungeon,1,True,True,"Action,Role-Playing (RPG)",SquareEnix,17.95,Nintendo Wii,2008,2,22.133333333333333
253,Final Fantasy II,1,True,True,Role-Playing (RPG),SquareEnix,17.95,Sony PSP,2007,19,25.266666666666666
254,Final Fantasy III,1,True,True,Role-Playing (RPG),SquareEnix,17.95,Nintendo DS,2006,130,27.716666666666665
255,Final Fantasy IV,1,True,True,Role-Playing (RPG),SquareEnix,17.95,Nintendo DS,2007,16,31.55
256,Final Fantasy Tactics,1,True,True,"Role-Playing (RPG),Strategy",SquareEnix,17.95,Sony PSP,2007,21,38.48333333333333
257,Final Fantasy Tactics A2: Grimoire of the Rift,1,True,True,"Role-Playing (RPG),Strategy",SquareEnix,17.95,Nintendo DS,2007,14,46.36666666666667
258,Final Fantasy XI Online,1,True,True,"Action,Role-Playing (RPG)",SquareEnix,4.95,X360,2006,0,0.0
259,Final Fantasy XII: Revenant Wings,1,True,True,"Role-Playing (RPG),Strategy",SquareEnix,19.95,Nintendo DS,2007,10,29.366666666666667
260,Final Fantasy: Crystal Chronicles - Echoes of Time,1,True,True,Action,SquareEnix,24.95,Nintendo DS,2007,1,15.616666666666667
261,Fire Emblem: Radiant Dawn,1,True,True,"Role-Playing (RPG),Strategy",Nintendo,34.95,Nintendo Wii,2007,7,43.0
262,Fire Emblem: Shadow Dragon,1,True,True,"Role-Playing (RPG),Strategy",Nintendo,19.95,Nintendo DS,2008,6,20.75
263,Flash Focus: Vision Training in Minutes a Day,1,True,True,Action,Nintendo,17.95,Nintendo DS,2007,0,6.0
264,FlatOut: Head On,1,True,True,"Racing / Driving,Sports",,9.95,Sony PSP,2008,2,17.25
265,FlatOut: Ultimate Carnage,1,True,True,Racing / Driving,,16.95,X360,2007,2,17.25
266,"Flower, Sun and Rain",1,True,True,Adventure,,23.95,Nintendo DS,2008,1,11.916666666666666
267,Folklore,1,True,True,"Action,Role-Playing (RPG)",Sony,24.95,PlayStation 3,2007,2,14.866666666666667
268,Ford Bold Moves Street Racing,1,True,True,Racing / Driving,Eidos,17.95,Sony PSP,2006,0,0.0
269,Ford Racing 3,1,True,True,"Action,Racing / Driving",,14.95,Nintendo DS,2005,4,3.333333333333333
270,Ford Racing Off Road,1,True,True,Racing / Driving,,12.95,Sony PSP,2008,0,0.0
271,Forza Motorsport 2,2,True,True,Racing / Driving,Microsoft,12.95,X360,2007,4,54.06666666666667
272,Fracture,1,True,True,Action,,14.95,X360,2008,0,7.016666666666667
273,Frogger: Helmet Chaos,1,True,True,Action,Konami,19.95,Sony PSP,2005,0,0.0
274,From the Abyss,1,True,True,"Action,Role-Playing (RPG)",,19.95,Nintendo DS,2008,1,6.083333333333333
275,Front Mission,1,True,True,Strategy,SquareEnix,17.95,Nintendo DS,2007,0,20.866666666666667
276,Frontlines: Fuel of War,1,True,True,Action,THQ,14.95,X360,2008,0,5.5
277,Full Auto,2,True,True,"Action,Racing / Driving",Sega,16.95,X360,2006,0,5.0
278,Full Auto 2: Battlelines,2,True,True,"Action,Racing / Driving",Sega,14.95,PlayStation 3,2006,1,8.75
279,Fullmetal Alchemist: Dual Sympathy,1,True,True,Action,,14.95,Nintendo DS,2005,0,14.0
280,Fuzion Frenzy 2,4,True,True,"Action,Sports",Microsoft,14.95,X360,2006,1,1.75
281,Game Party,4,True,True,Action,Midway,14.95,Nintendo Wii,2007,1,0.0
282,Gears of War,2,True,True,Action,Microsoft,19.95,X360,2006,15,9.183333333333334
283,Gears of War 2,2,True,True,Action,Microsoft,24.95,X360,2008,5,10.083333333333334
284,Genji: Days of the Blade,1,True,True,"Action,Role-Playing (RPG)",Sony,14.95,PlayStation 3,2006,0,13.333333333333334
285,Geometry Wars: Galaxies,1,True,True,Action,,14.95,Nintendo DS,2007,0,10.0
286,Ghost in the Shell: Stand Alone Complex,1,True,True,Action,Sony,14.95,Sony PSP,2005,0,0.0
287,Ghost Rider,4,True,True,Action,2K,16.95,Sony PSP,2007,1,5.15
288,Gitaroo Man Lives!,1,True,True,Simulation,,22.95,Sony PSP,2006,0,2.333333333333333
289,God of War: Chains of Olympus,1,True,True,Action,Sony,17.95,Sony PSP,2008,39,5.416666666666667
290,Godzilla Unleashed: Double Smash,1,True,True,Action,Atari,17.95,Nintendo DS,2007,0,0.0
291,Godzilla: Unleashed,1,True,True,Action,Atari,24.95,Nintendo Wii,2007,0,0.0
292,Golden Axe,2,True,True,Action,Sega,14.95,X360,2007,9,1.15
293,GoldenEye: Rogue Agent,1,True,True,Action,EA,14.95,Nintendo DS,2005,0,9.416666666666666
294,Gradius Collection,1,True,True,Action,Konami,17.95,Sony PSP,2006,0,10.0
295,Gran Turismo 5: Prologue,2,True,True,"Racing / Driving,Simulation",Sony,24.95,PlayStation 3,2007,0,10.55
296,Grand Theft Auto IV,1,True,True,"Action,Racing / Driving",Rockstar,24.95,X360,2008,73,28.25
297,Grand Theft Auto: Liberty City Stories,1,True,True,"Action,Racing / Driving","Capcom,Rockstar",17.95,Sony PSP,2005,7,14.216666666666669
298,Grand Theft Auto: Vice City Stories,1,True,True,"Action,Racing / Driving",Rockstar,17.95,Sony PSP,2006,4,16.65
299,Gretzky NHL,2,True,True,Sports,Sony,9.95,Sony PSP,2005,0,0.0
300,GRID,1,True,True,"Racing / Driving,Simulation,Sports",,19.95,X360,2008,21,20.616666666666667
301,GripShift,1,True,True,Racing / Driving,Ubisoft,9.95,Sony PSP,2005,0,0.0
302,Guilty Gear XX ? Core,2,True,True,Action,,24.95,Nintendo Wii,2007,0,2.0
303,Guilty Gear: Dust Strikers,1,True,True,Action,,14.95,Nintendo DS,2006,0,0.3166666666666666
304,Guitar Hero II,2,True,True,"Action,Simulation",Activision,17.95,X360,2007,2,8.9
305,Guitar Hero III: Legends of Rock,2,True,True,"Action,Simulation",Activision,12.95,X360,2007,5,8.216666666666667
306,Guitar Hero: Aerosmith,1,True,True,"Action,Simulation",Activision,14.95,Nintendo Wii,2008,1,4.716666666666667
307,Guitar Hero: On Tour,1,True,True,"Action,Simulation",Activision,14.95,Nintendo DS,2008,1,0.0
308,Guitar Hero: On Tour - Decades,1,True,True,"Action,Simulation",Activision,17.95,Nintendo DS,2008,1,1.8333333333333333
309,Guitar Hero: World Tour,4,True,True,"Action,Simulation",Activision,17.95,Nintendo Wii,2008,4,8.233333333333333
310,Guitar Rock Tour,1,True,True,Simulation,,13.95,Nintendo DS,2008,0,0.0
311,GUN ,1,True,True,"Action,Racing / Driving,Role-Playing (RPG)",Activision,19.95,X360,2005,19,6.3
312,Gunpey DS,1,True,True,Strategy,Namco,12.95,Nintendo DS,2006,1,0.0
313,Gurumin: A Monstrous Adventure,1,True,True,Action,,13.95,Sony PSP,2006,1,9.316666666666666
314,Hail to the Chimp,4,True,True,"Action,Strategy",,16.95,X360,2008,0,0.0
315,Halo 3,4,True,True,Action,Microsoft,24.95,X360,2007,27,8.866666666666667
316,Happy Feet,2,True,True,Action,Midway,14.95,Nintendo Wii,2006,0,0.6666666666666666
317,Harry Potter and the Goblet of Fire,1,True,True,Action,EA,17.95,Nintendo DS,2005,4,7.2
318,Harry Potter and the Order of the Phoenix,1,True,True,Action,EA,24.95,Nintendo Wii,2007,10,10.533333333333331
319,Harvest Moon DS,1,True,True,"Role-Playing (RPG),Simulation",,17.95,Nintendo DS,2006,1,44.06666666666667
320,Harvest Moon: Island of Happiness,1,True,True,"Simulation,Strategy",,24.95,Nintendo DS,2008,0,0.0
321,Harvest Moon: Magical Melody,4,True,True,"Role-Playing (RPG),Simulation",,23.95,Nintendo Wii,2008,0,29.183333333333334
322,Harvest Moon: Tree of Tranquility,1,True,True,"Role-Playing (RPG),Simulation",,34.95,Nintendo Wii,2008,0,41.083333333333336
323,Harvey Birdman: Attorney at Law,1,True,True,Adventure,Capcom,14.95,Nintendo Wii,2008,1,3.85
324,Haze,2,True,True,Action,Ubisoft,12.95,PlayStation 3,2008,1,6.866666666666667
325,Heatseeker,1,True,True,Action,,17.95,Nintendo Wii,2007,0,9.75
326,Heavenly Sword,1,True,True,Action,Sony,24.95,PlayStation 3,2007,1,6.966666666666667
327,Hellboy: The Science of Evil,2,True,True,"Action,Adventure",Konami,16.95,PlayStation 3,2008,0,0.0
328,Heroes of Mana,1,True,True,Strategy,SquareEnix,24.95,Nintendo DS,2007,1,17.033333333333335
329,Hitman: Blood Money,1,True,True,Action,Eidos,22.95,X360,2006,23,11.816666666666666
330,Hot Pixel,1,True,True,Action,Atari,8.95,Sony PSP,2007,0,0.45
331,Hot Shots Golf: Open Tee,1,True,True,Sports,Sony,12.95,Sony PSP,2004,0,0.0
332,Hot Shots Golf: Open Tee 2,1,True,True,Sports,Sony,14.95,Sony PSP,2008,0,0.0
333,Hot Shots Golf: Out of Bounds,4,True,True,Sports,Sony,34.95,PlayStation 3,2008,0,0.0
334,Hot Wheels: Beat That!,1,True,True,"Action,Racing / Driving",Activision,19.95,X360,2007,0,0.0
335,Hotel Dusk: Room 215,1,True,True,Adventure,Nintendo,14.95,Nintendo DS,2007,17,15.15
336,Hour of Victory,1,True,True,Action,Midway,12.95,X360,2007,0,5.85
337,Ice Age 2: The Meltdown,1,True,True,Action,,17.95,Nintendo Wii,2006,0,5.0
338,Import Tuner Challenge,2,True,True,Racing / Driving,Ubisoft,17.95,X360,2006,1,25.0
339,Indianapolis 500 Legends,1,True,True,Racing / Driving,,16.95,Nintendo DS,2007,1,0.0
340,Infected,1,True,True,Action,,17.95,Sony PSP,2005,0,6.666666666666667
341,Infinite Undiscovery,1,True,True,"Action,Role-Playing (RPG)",SquareEnix,17.95,X360,2008,2,24.433333333333334
342,Innocent Life: A Futuristic Harvest Moon,1,True,True,"Role-Playing (RPG),Simulation,Strategy",,17.95,Sony PSP,2006,0,0.0
343,Insecticide,1,True,True,"Action,Adventure",,12.95,Nintendo DS,2008,0,3.7
344,InuYasha: Secret of the Divine Jewel,1,True,True,Role-Playing (RPG),Namco,24.95,Nintendo DS,2007,0,0.0
345,Iron Man,1,True,True,Action,Sega,16.95,Sony PSP,2008,3,4.333333333333333
346,Izuna 2: The Unemployed Ninja Returns,1,True,True,Role-Playing (RPG),,17.95,Nintendo DS,2008,0,13.25
347,Jackass: The Game,1,True,True,Action,,17.95,Sony PSP,2007,0,0.0
348,Jam Sessions,1,True,True,"Educational,Simulation",Ubisoft,8.95,Nintendo DS,2007,0,0.25
349,Jeanne d'Arc,1,True,True,"Role-Playing (RPG),Strategy",Sony,19.95,Sony PSP,2007,2,31.6
350,Juiced 2: Hot Import Nights,2,True,True,Racing / Driving,THQ,14.95,X360,2007,0,15.5
351,Just Cause,1,True,True,"Action,Racing / Driving",Eidos,16.95,X360,2006,15,8.6
352,Justice League Heroes,1,True,True,Action,,17.95,Sony PSP,2006,1,5.0
353,Kameo: Elements of Power,1,True,True,Action,Microsoft,11.95,X360,2005,1,9.25
354,Kane & Lynch: Dead Men,2,True,True,Action,Eidos,14.95,X360,2007,4,5.6
355,Killzone: Liberation,1,True,True,"Action,Strategy",Sony,16.95,Sony PSP,2006,2,7.583333333333333
356,King of Clubs,1,True,True,Sports,,14.95,Nintendo Wii,2007,0,0.0
357,Kingdom of Paradise,2,True,True,"Action,Role-Playing (RPG)",Sony,12.95,Sony PSP,2005,0,0.0
358,Kingdom Under Fire: Circle of Doom,1,True,True,"Action,Role-Playing (RPG)",Microsoft,14.95,X360,2007,3,9.0
359,Kirby Super Star Ultra,1,True,True,Action,Nintendo,24.95,Nintendo DS,2008,9,5.116666666666666
360,Kirby: Canvas Curse,1,True,True,Action,Nintendo,17.95,Nintendo DS,2005,6,5.033333333333333
361,Kirby: Squeak Squad,1,True,True,Action,Nintendo,27.95,Nintendo DS,2006,22,4.216666666666667
362,Klonoa: Door to Phantomile,1,True,True,Action,Namco,17.95,Nintendo Wii,2008,4,4.366666666666666
363,Knights in the Nightmare,1,True,True,"Role-Playing (RPG),Strategy",,29.95,Nintendo DS,2008,0,26.566666666666663
364,Kororinpa: Marble Mania,2,True,True,"Action,Strategy",Nintendo,17.95,Nintendo Wii,2006,0,0.0
365,Kung Fu Panda,4,True,True,Action,Activision,9.95,X360,2008,6,4.683333333333334
366,Lair,1,True,True,Action,Sony,19.95,PlayStation 3,2007,0,8.866666666666667
367,Lara Croft Tomb Raider: Legend,1,True,True,"Action,Racing / Driving",Eidos,17.95,Nintendo DS,2006,26,7.766666666666667
368,Left 4 Dead,2,True,True,Action,,19.95,X360,2008,12,6.883333333333333
369,Legendary,1,True,True,Action,Atari,17.95,X360,2008,5,5.283333333333333
370,LEGO Batman: The Videogame,2,True,True,Action,,14.95,X360,2008,35,9.833333333333334
371,LEGO Indiana Jones: The Original Adventures,2,True,True,Action,,9.95,X360,2008,31,9.7
372,LEGO Star Wars II: The Original Trilogy,1,True,True,Action,EA,17.95,Nintendo DS,2006,14,11.25
373,LEGO Star Wars: The Complete Saga,2,True,True,Action,,17.95,Nintendo Wii,2007,31,14.666666666666666
374,Lemmings,1,True,True,Strategy,Sony,17.95,Sony PSP,2006,1,20.466666666666665
375,Let's Tap,1,True,True,Simulation,Sega,17.95,Nintendo Wii,2008,0,0.0
376,LifeSigns: Surgical Unit,1,True,True,"Simulation,Strategy",,22.95,Nintendo DS,2005,1,0.0
377,Line Rider 2: Unbound,1,True,True,"Simulation,Sports",,8.95,Nintendo DS,2008,0,0.0
378,Link's Crossbow Training,1,True,True,Action,Nintendo,14.95,Nintendo Wii,2007,4,1.4833333333333334
379,LittleBigPlanet,4,True,True,Action,Sony,24.95,PlayStation 3,2008,7,9.4
380,Lock's Quest,1,True,True,"Action,Adventure,Strategy",THQ,14.95,Nintendo DS,2008,0,14.883333333333333
381,LocoRoco,1,True,True,"Action,Strategy",Sony,17.95,Sony PSP,2006,1,5.4
382,LocoRoco 2,1,True,True,"Action,Strategy",Sony,11.95,Sony PSP,2008,2,6.95
383,Looney Tunes: Acme Arsenal,1,True,True,Action,,14.95,Nintendo Wii,2007,0,3.8333333333333335
384,Looney Tunes: Cartoon Conductor,1,True,True,Action,Eidos,13.95,Nintendo DS,2008,1,4.0
385,Lost in Blue,1,True,True,Role-Playing (RPG),Konami,24.95,Nintendo DS,2005,2,0.0
386,Lost in Blue 2,1,True,True,Role-Playing (RPG),Konami,17.95,Nintendo DS,2007,0,0.0
387,Lost in Blue 3,1,True,True,Role-Playing (RPG),Konami,17.95,Nintendo DS,2008,0,0.0
388,Lost Odyssey,1,True,True,Role-Playing (RPG),Microsoft,19.95,X360,2007,19,50.11666666666667
389,Lost Planet: Extreme Condition,1,True,True,Action,Capcom,12.95,X360,2006,3,8.566666666666666
390,Lost: Via Domus,1,True,True,"Action,Adventure",Ubisoft,16.95,PlayStation 3,2008,12,5.35
391,LostMagic,1,True,True,"Action,Role-Playing (RPG)",Ubisoft,14.95,Nintendo DS,2006,3,13.0
392,Lumines II,2,True,True,Strategy,,14.95,Sony PSP,2006,0,15.0
393,Lumines: Puzzle Fusion,1,True,True,Strategy,Ubisoft,14.95,Sony PSP,2004,0,10.333333333333334
394,Luminous Arc,1,True,True,"Role-Playing (RPG),Strategy",,24.95,Nintendo DS,2007,5,22.916666666666668
395,Lunar Knights,1,True,True,Action,Konami,16.95,Nintendo DS,2007,2,11.883333333333333
396,Lunar: Dragon Song,1,True,True,Role-Playing (RPG),Ubisoft,14.95,Nintendo DS,2005,4,20.316666666666663
397,Madagascar,1,True,True,Adventure,Activision,14.95,Nintendo DS,2005,0,5.283333333333333
398,Madagascar: Escape 2 Africa,1,True,True,"Action,Adventure",Activision,17.95,Nintendo DS,2008,0,6.0
399,Madden NFL 06,1,True,True,Sports,EA,7.95,Sony PSP,2005,2,0.0
400,Madden NFL 07,2,True,True,Sports,EA,4.95,X360,2006,0,0.0
401,Madden NFL 08,4,True,True,Sports,EA,9.95,X360,2007,1,17.0
402,Madden NFL 09,4,True,True,Sports,EA,14.95,X360,2008,3,10.0
403,Madden NFL 2005,1,True,True,Sports,EA,8.95,Nintendo DS,2004,0,0.0
404,Magical Starsign,1,True,True,Role-Playing (RPG),Nintendo,9.95,Nintendo DS,2006,1,27.216666666666665
405,Magnetica,1,True,True,"Action,Strategy",Nintendo,17.95,Nintendo DS,2006,0,9.933333333333334
406,Major League Baseball 2K6,2,True,True,Sports,2K,4.95,X360,2006,3,0.0
407,Major League Baseball 2K7,2,True,True,Sports,2K,9.95,X360,2007,0,0.0
408,Major League Baseball 2K9,1,True,True,Sports,2K,14.95,X360,2008,0,0.0
409,Manhunt 2,1,True,True,Action,Rockstar,19.95,Nintendo Wii,2007,2,8.9
410,Mario & Luigi: Partners in Time,1,True,True,"Action,Role-Playing (RPG)",Nintendo,29.95,Nintendo DS,2005,7,18.15
411,Mario & Sonic at the Olympic Games,4,True,True,"Action,Sports","Nintendo,Sega",29.95,Nintendo Wii,2007,2,7.0
412,Mario Hoops 3 on 3,1,True,True,Sports,Nintendo,22.95,Nintendo DS,2006,0,3.5
413,Mario Kart DS,1,True,True,Racing / Driving,Nintendo,29.95,Nintendo DS,2005,32,4.783333333333333
414,Mario Kart Wii,4,True,True,Racing / Driving,Nintendo,29.95,Nintendo Wii,2008,29,5.7
415,Mario Party 8,4,True,True,"Action,Strategy",Nintendo,39.95,Nintendo Wii,2007,3,4.216666666666667
416,Mario Party DS,1,True,True,"Action,Strategy",Nintendo,27.95,Nintendo DS,2007,1,7.966666666666667
417,Mario Strikers Charged,4,True,True,"Action,Sports",Nintendo,29.95,Nintendo Wii,2007,0,11.133333333333333
418,Mario vs. Donkey Kong 2: March of the Minis,1,True,True,Action,Nintendo,27.95,Nintendo DS,2006,0,3.883333333333333
419,Marvel Nemesis: Rise of the Imperfects ,1,True,True,Action,EA,17.95,Sony PSP,2005,0,4.366666666666666
420,Marvel Trading Card Game,1,True,True,Strategy,Konami,16.95,Nintendo DS,2007,0,0.0
421,Marvel Ultimate Alliance,4,True,True,"Action,Role-Playing (RPG)",Activision,14.95,X360,2006,3,12.866666666666667
422,Mass Effect,1,True,True,"Action,Role-Playing (RPG)",Microsoft,17.95,X360,2007,379,17.383333333333333
423,Master of Illusion,1,True,True,Strategy,Nintendo,14.95,Nintendo DS,2006,2,0.0
424,Master of the Monster Lair,1,True,True,Role-Playing (RPG),,14.95,Nintendo DS,2008,0,0.0
425,MechAssault: Phantom War,1,True,True,Action,,12.95,Nintendo DS,2006,0,7.5
426,Medal of Honor: Airborne,2,True,True,Action,EA,17.95,X360,2007,3,5.8
427,Medal of Honor: Heroes,1,True,True,Action,EA,14.95,Sony PSP,2006,0,4.95
428,Medal of Honor: Heroes 2,1,True,True,Action,EA,17.95,Sony PSP,2007,0,4.95
429,Medal of Honor: Vanguard,1,True,True,Action,EA,17.95,Nintendo Wii,2007,0,3.55
430,MediEvil Resurrection,1,True,True,Action,Sony,17.95,Sony PSP,2005,3,9.966666666666669
431,Mega Man Battle Network 5: Double Team DS,1,True,True,"Action,Role-Playing (RPG)",Capcom,17.95,Nintendo DS,2005,3,29.916666666666668
432,Mega Man Maverick Hunter X,1,True,True,Action,Capcom,17.95,Sony PSP,2005,5,4.066666666666666
433,Mega Man Powered Up,1,True,True,Action,Capcom,16.95,Sony PSP,2006,0,2.783333333333333
434,Mega Man Star Force 2: Zerker X Ninja,1,True,True,"Action,Role-Playing (RPG)",Capcom,17.95,Nintendo DS,2008,1,17.283333333333335
435,Mega Man Star Force: Dragon,1,True,True,"Action,Role-Playing (RPG)",Capcom,27.95,Nintendo DS,2007,2,16.95
436,Mega Man ZX,1,True,True,Action,Capcom,19.95,Nintendo DS,2006,2,8.883333333333333
437,Mega Man ZX Advent,1,True,True,Action,Capcom,17.95,Nintendo DS,2007,2,7.0
438,Mercenaries 2: World in Flames,1,True,True,Action,EA,14.95,X360,2008,3,16.95
439,Mercury Meltdown,1,True,True,Strategy,,12.95,Sony PSP,2006,0,0.0
440,Metal Gear Ac!d,1,True,True,Strategy,Konami,17.95,Sony PSP,2004,1,20.7
441,Metal Gear Ac!d 2,1,True,True,Strategy,Konami,12.95,Sony PSP,2005,0,13.45
442,Metal Gear Solid 4: Guns of the Patriots,1,True,True,Action,Konami,22.95,PlayStation 3,2008,25,18.683333333333334
443,Metal Gear Solid: Digital Graphic Novel,1,True,True,Adventure,Konami,17.95,Sony PSP,2006,1,3.25
444,Metal Gear Solid: Portable Ops,1,True,True,"Action,Strategy",Konami,17.95,Sony PSP,2006,1,11.683333333333334
445,Metal Slug 7,1,True,True,Action,,17.95,Nintendo DS,2008,0,1.2666666666666666
446,Metal Slug Anthology,4,True,True,Action,,16.95,Nintendo Wii,2006,2,6.666666666666667
447,Meteos,1,True,True,Strategy,Nintendo,15.95,Nintendo DS,2005,2,8.516666666666667
448,Meteos: Disney Magic,1,True,True,Strategy,Disney,12.95,Nintendo DS,2007,0,0.0
449,Metroid Prime 3: Corruption,1,True,True,Action,Nintendo,19.95,Nintendo Wii,2007,27,13.9
450,Metroid Prime Pinball,1,True,True,"Action,Simulation",Nintendo,17.95,Nintendo DS,2005,3,2.6833333333333336
451,Metroid Prime: Hunters,1,True,True,Action,Nintendo,27.95,Nintendo DS,2006,2,8.8
452,Micro Machines V4,2,True,True,"Action,Racing / Driving",,17.95,Sony PSP,2006,0,0.0
453,Midnight Club 3: DUB Edition,1,True,True,Racing / Driving,Rockstar,14.95,Sony PSP,2005,4,19.166666666666668
454,Midnight Club: Los Angeles,1,True,True,Racing / Driving,Rockstar,22.95,X360,2008,1,23.1
455,Mirror's Edge,1,True,True,Action,EA,14.95,X360,2008,49,6.316666666666666
456,MLB 06: The Show,2,True,True,Sports,Sony,9.95,Sony PSP,2006,0,0.0
457,MLB 07: The Show,2,True,True,Sports,Sony,9.95,PlayStation 3,2007,0,0.0
458,MLB 08: The Show,2,True,True,Sports,Sony,12.95,PlayStation 3,2008,0,10.0
459,MLB Power Pros 2008,2,True,True,Sports,2K,22.95,Nintendo Wii,2008,0,0.0
460,Monster 4x4: World Circuit,4,True,True,Racing / Driving,Ubisoft,12.95,Nintendo Wii,2006,0,0.0
461,Monster House,1,True,True,Action,THQ,14.95,Nintendo DS,2006,1,0.0
462,Monster Hunter Freedom,1,True,True,"Action,Strategy",Capcom,12.95,Sony PSP,2006,2,60.0
463,Monster Hunter Freedom 2,1,True,True,"Action,Strategy",Capcom,12.95,Sony PSP,2007,1,38.0
464,Monster Jam,4,True,True,Sports,Activision,17.95,X360,2007,0,0.0
465,Monster Madness: Battle for Suburbia,4,True,True,Action,,14.95,X360,2007,0,0.0
466,Mortal Kombat vs. DC Universe,2,True,True,Action,Midway,24.95,PlayStation 3,2008,0,3.45
467,Mortal Kombat: Armageddon,4,True,True,"Action,Racing / Driving",Midway,24.95,Nintendo Wii,2007,2,8.6
468,Mortal Kombat: Unchained,2,True,True,Action,Midway,17.95,Sony PSP,2006,1,3.066666666666667
469,MotoGP,1,True,True,"Racing / Driving,Sports",Sony,32.95,Sony PSP,2006,0,7.5
470,MotoGP '06,4,True,True,"Racing / Driving,Simulation,Sports",THQ,14.95,X360,2006,0,0.0
471,MotoGP 08,1,True,True,"Racing / Driving,Simulation,Sports",,16.95,X360,2008,0,0.0
472,MotorStorm,1,True,True,"Action,Racing / Driving,Sports",Sony,16.95,PlayStation 3,2006,5,13.85
473,MotorStorm: Pacific Rift,4,True,True,"Action,Racing / Driving,Sports",Sony,29.95,PlayStation 3,2008,1,24.433333333333334
474,Mr. DRILLER: Drill Spirits,1,True,True,Action,Namco,14.95,Nintendo DS,2004,0,9.883333333333333
475,MTX Mototrax,1,True,True,"Racing / Driving,Sports",Activision,19.95,Sony PSP,2006,0,0.0
476,Mushroom Men: The Spore Wars,2,True,True,Action,,17.95,Nintendo Wii,2008,0,3.0
477,MVP Baseball,1,True,True,Sports,EA,4.95,Sony PSP,2005,0,0.0
478,MX vs. ATV Untamed,2,True,True,Racing / Driving,THQ,17.95,X360,2007,0,12.0
479,My Word Coach,1,True,True,Educational,Ubisoft,15.95,Nintendo DS,2007,0,0.0
480,MySims,1,True,True,"Simulation,Strategy",EA,17.95,Nintendo Wii,2007,0,7.183333333333334
481,Myst,1,True,True,Adventure,Midway,24.95,Nintendo DS,2007,6,7.066666666666666
482,Mystery Case Files: MillionHeir,1,True,True,Adventure,Nintendo,17.95,Nintendo DS,2008,0,8.283333333333333
483,Mystery Dungeon: Shiren the Wanderer,1,True,True,"Action,Role-Playing (RPG)",Sega,17.95,Nintendo DS,2006,1,22.0
484,N+,1,True,True,Action,Atari,14.95,Nintendo DS,2008,1,17.0
485,Namco Museum DS,1,True,True,Action,Namco,17.95,Nintendo DS,2007,0,10.0
486,Namco Museum: Virtual Arcade,1,True,True,"Action,Racing / Driving",Namco,17.95,X360,2008,0,0.0
487,Nanostray,1,True,True,Action,THQ,17.95,Nintendo DS,2005,0,1.4333333333333331
488,Nanostray 2,1,True,True,Action,,12.95,Nintendo DS,2008,0,3.0
489,NASCAR 07,1,True,True,"Racing / Driving,Simulation",EA,24.95,Sony PSP,2006,0,0.0
490,NASCAR 08,1,True,True,"Racing / Driving,Sports",EA,12.95,X360,2007,0,0.0
491,NASCAR 09,1,True,True,"Racing / Driving,Sports",EA,19.95,X360,2008,0,0.0
492,NBA 06,1,True,True,Sports,Sony,9.95,Sony PSP,2005,0,4.0
493,NBA 07,4,True,True,Sports,Sony,6.95,PlayStation 3,2006,0,0.0
494,NBA 08,4,True,True,Sports,Sony,9.95,PlayStation 3,2007,0,0.0
495,NBA 09: The Inside,4,True,True,Sports,Sony,14.95,PlayStation 3,2008,0,0.0
496,NBA 2K6 ,1,True,True,Sports,2K,4.95,X360,2005,3,0.0
497,NBA 2K7,7,True,True,Sports,2K,7.95,PlayStation 3,2006,0,8.183333333333334
498,NBA 2K7 ,1,True,True,Sports,2K,4.95,X360,2006,0,8.183333333333334
499,NBA 2K8,7,True,True,Sports,2K,9.95,PlayStation 3,2007,0,4.0
500,NBA 2K8 ,1,True,True,Sports,2K,9.95,X360,2007,0,4.0
501,NBA 2K9,7,True,True,Sports,2K,14.95,PlayStation 3,2008,0,0.0
502,NBA 2K9 ,1,True,True,Sports,2K,12.95,X360,2008,0,0.0
503,NBA Ballers: Chosen One,4,True,True,Sports,Midway,9.95,X360,2008,0,0.0
504,NBA Live 06,1,True,True,Sports,EA,9.95,Sony PSP,2005,0,4.0
505,NBA LIVE 06 ,1,True,True,Sports,EA,4.95,X360,2005,0,4.0
506,NBA Live 07,1,True,True,Sports,EA,7.95,Sony PSP,2006,0,0.0
507,NBA LIVE 07 ,1,True,True,Sports,EA,4.95,X360,2006,0,0.0
508,NBA Live 08,4,True,True,Sports,EA,9.95,PlayStation 3,2007,0,0.0
509,NBA LIVE 08 ,1,True,True,Sports,EA,9.95,X360,2007,0,0.0
510,NBA Street Homecourt,4,True,True,Sports,EA,7.95,X360,2007,1,0.0
511,NCAA 07 March Madness,4,True,True,Sports,EA,7.95,X360,2007,0,0.0
512,NCAA Football 07,2,True,True,Sports,EA,4.95,X360,2006,0,0.0
513,NCAA Football 08,2,True,True,Sports,EA,9.95,X360,2007,0,12.0
514,NCAA Football 09,4,True,True,Sports,EA,14.95,X360,2008,0,0.0
515,NCAA March Madness 08,4,True,True,Sports,EA,12.95,PlayStation 3,2007,0,0.0
516,Need for Speed Underground 2,1,True,True,Racing / Driving,EA,22.95,Nintendo DS,2005,19,19.6
517,Need for Speed Underground: Rivals,4,True,True,Racing / Driving,EA,17.95,Sony PSP,2005,2,12.0
518,Need for Speed: Carbon,2,True,True,Racing / Driving,EA,16.95,X360,2006,3,12.616666666666667
519,Need for Speed: Carbon - Own the City,1,True,True,Racing / Driving,EA,16.95,Sony PSP,2006,1,15.716666666666669
520,Need for Speed: Most Wanted,2,True,True,Racing / Driving,EA,17.95,X360,2005,21,10.183333333333334
521,Need for Speed: Most Wanted 5-1-0,1,True,True,Racing / Driving,EA,14.95,Sony PSP,2005,0,12.166666666666666
522,Need for Speed: ProStreet,2,True,True,Racing / Driving,EA,16.95,X360,2007,3,10.383333333333333
523,Need for Speed: Undercover,1,True,True,Racing / Driving,EA,17.95,X360,2008,6,10.583333333333334
524,Neopets Puzzle Adventure,1,True,True,"Adventure,Role-Playing (RPG),Strategy",Capcom,17.95,Nintendo DS,2008,0,3.0
525,Nervous Brickdown,1,True,True,Action,,17.95,Nintendo DS,2007,0,8.0
526,New International Track & Field,1,True,True,"Action,Sports",Konami,14.95,Nintendo DS,2008,0,0.0
527,New Super Mario Bros.,1,True,True,Action,Nintendo,27.95,Nintendo DS,2006,33,7.2
528,NFL Head Coach 09,1,True,True,"Simulation,Sports,Strategy",EA,14.95,PlayStation 3,2008,0,0.0
529,NFL Street 2,4,True,True,Sports,EA,17.95,Sony PSP,2005,0,0.0
530,NFL Street 3,1,True,True,"Action,Sports",EA,14.95,Sony PSP,2006,0,0.0
531,NFL Tour,1,True,True,"Action,Sports",EA,12.95,X360,2008,0,0.0
532,NHL 07,4,True,True,Sports,EA,12.95,Sony PSP,2006,1,10.0
533,NHL 07 ,1,True,True,Sports,EA,5.95,X360,2006,1,10.0
534,NHL 08,7,True,True,Sports,EA,9.95,PlayStation 3,2007,0,17.5
535,NHL 08 ,1,True,True,Sports,EA,9.95,X360,2007,0,17.5
536,NHL 09,1,True,True,Sports,EA,19.95,PlayStation 3,2008,1,20.0
537,NHL 09 ,1,True,True,Sports,EA,14.95,X360,2008,1,20.0
538,NHL 2K6 ,1,True,True,Sports,2K,5.95,X360,2005,2,0.0
539,NHL 2K8,7,True,True,Sports,,9.95,PlayStation 3,2007,0,0.0
540,NHL 2K8 ,1,True,True,Sports,2K,6.95,X360,2007,0,0.0
541,NHL 2K9,1,True,True,Sports,2K,14.95,PlayStation 3,2008,0,0.0
542,NHL 2K9 ,1,True,True,Sports,2K,14.95,X360,2008,0,0.0
543,Nicktoons: Attack of the Toybots,1,True,True,Action,THQ,14.95,Nintendo Wii,2007,0,0.0
544,NiGHTS: Journey of Dreams,2,True,True,Action,Sega,14.95,Nintendo Wii,2007,0,6.5
545,Ninja Gaiden Sigma,1,True,True,Action,,19.95,PlayStation 3,2007,1,14.583333333333334
546,Ninja Gaiden: Dragon Sword,1,True,True,Action,,12.95,Nintendo DS,2008,0,5.166666666666667
547,Ninja Reflex,4,True,True,Action,EA,14.95,Nintendo Wii,2008,1,4.0
548,Ninjatown,1,True,True,Strategy,,19.95,Nintendo DS,2008,1,12.633333333333333
549,Nintendogs,1,True,True,Simulation,Nintendo,26.95,Nintendo DS,2005,1,27.966666666666665
550,Nitrobike,4,True,True,"Action,Racing / Driving,Sports",Ubisoft,14.95,Nintendo Wii,2008,0,0.0
551,No More Heroes,1,True,True,"Action,Racing / Driving",Ubisoft,17.95,Nintendo Wii,2007,12,10.533333333333331
552,ObsCure: The Aftermath,1,True,True,Action,,16.95,Nintendo Wii,2008,4,8.016666666666667
553,Octomania,1,True,True,"Action,Strategy",,14.95,Nintendo Wii,2007,0,0.0
554,Onechanbara: Bikini Samurai Squad,1,True,True,Action,,19.95,X360,2006,1,5.7
555,Ontamarama,1,True,True,Action,,17.95,Nintendo DS,2007,0,1.0
556,Open Season,1,True,True,Action,Ubisoft,17.95,Nintendo DS,2006,4,3.6666666666666665
557,Orcs & Elves,1,True,True,"Action,Role-Playing (RPG)",EA,14.95,Nintendo DS,2007,1,4.6
558,Order Up!,1,True,True,"Action,Simulation",,17.95,Nintendo Wii,2008,0,6.0
559,OutRun 2006: Coast 2 Coast,1,True,True,Racing / Driving,Sega,17.95,Sony PSP,2006,0,5.183333333333334
560,Over G Fighters,2,True,True,Simulation,Ubisoft,17.95,X360,2006,0,0.0
561,Over the Hedge,1,True,True,Adventure,Activision,16.95,Nintendo DS,2006,1,2.0
562,Overlord,1,True,True,"Action,Strategy",,17.95,X360,2007,14,18.1
563,Overlord: Raising Hell,2,True,True,"Action,Strategy",,17.95,PlayStation 3,2008,15,11.233333333333333
564,Pac-Man World 3,1,True,True,Action,"EA,Namco",24.95,Sony PSP,2005,0,8.0
565,Pac-Man World Rally,1,True,True,"Action,Racing / Driving",Namco,17.95,Sony PSP,2006,0,2.75
566,PaRappa the Rapper,1,True,True,Action,Sony,12.95,Sony PSP,2006,1,1.3
567,Patapon,1,True,True,"Action,Strategy",Sony,17.95,Sony PSP,2008,4,15.883333333333333
568,Perfect Dark Zero,4,True,True,Action,Microsoft,17.95,X360,2005,2,7.816666666666666
569,Peter Jackson's King Kong: The Official Game of...,2,True,True,Action,Ubisoft,14.95,X360,2005,17,6.583333333333333
570,Phantasy Star Universe,1,True,True,Role-Playing (RPG),Sega,24.95,X360,2006,2,27.73333333333333
571,Phoenix Wright: Ace Attorney,1,True,True,"Adventure,Simulation",Capcom,24.95,Nintendo DS,2005,87,16.916666666666668
572,Phoenix Wright: Ace Attorney - Justice for All,1,True,True,"Adventure,Simulation",Capcom,13.95,Nintendo DS,2006,58,17.75
573,Phoenix Wright: Ace Attorney - Trials and Tribu...,1,True,True,"Adventure,Simulation",Capcom,17.95,Nintendo DS,2007,48,20.416666666666668
574,Picross DS,1,True,True,Strategy,Nintendo,17.95,Nintendo DS,2007,9,39.516666666666666
575,Pinball Hall of Fame: The Gottlieb Collection,4,True,True,Action,,9.95,Sony PSP,2005,0,0.0
576,Pinball Hall of Fame: The Williams Collection,1,True,True,Simulation,,17.95,Nintendo Wii,2008,3,20.0
577,Pipe Mania,1,True,True,Strategy,,14.95,Nintendo DS,2008,0,0.0
578,Pirates of the Caribbean: Dead Man's Chest,1,True,True,Action,,14.95,Sony PSP,2006,1,2.083333333333333
579,Planet Puzzle League,1,True,True,Strategy,Nintendo,17.95,Nintendo DS,2007,0,0.3166666666666666
580,Platypus,2,True,True,Action,,14.95,Sony PSP,2006,0,1.4333333333333331
581,Point Blank DS,1,True,True,Action,"Atari,Namco",17.95,Nintendo DS,2006,0,0.9
582,Pokmon Battle Revolution,4,True,True,"Action,Strategy",Nintendo,39.95,Nintendo Wii,2006,1,13.016666666666667
583,Pokmon Dash,1,True,True,Racing / Driving,Nintendo,24.95,Nintendo DS,2004,1,1.1166666666666667
584,Pokmon Diamond,1,True,True,Role-Playing (RPG),Nintendo,27.95,Nintendo DS,2006,39,42.63333333333333
585,Pokmon Mystery Dungeon: Blue Rescue Team,1,True,True,Role-Playing (RPG),Nintendo,14.95,Nintendo DS,2005,6,22.566666666666663
586,Pokmon Mystery Dungeon: Explorers of Darkness,1,True,True,Role-Playing (RPG),Nintendo,15.95,Nintendo DS,2007,4,21.766666666666666
587,Pokmon Mystery Dungeon: Explorers of Time,1,True,True,Role-Playing (RPG),Nintendo,24.95,Nintendo DS,2007,4,21.766666666666666
588,Pokmon Pearl,1,True,True,Role-Playing (RPG),Nintendo,26.95,Nintendo DS,2006,39,42.63333333333333
589,Pokmon Ranger,1,True,True,Role-Playing (RPG),Nintendo,19.95,Nintendo DS,2006,5,12.55
590,Pokmon Ranger: Shadows of Almia,1,True,True,"Action,Role-Playing (RPG)",Nintendo,24.95,Nintendo DS,2008,7,21.3
591,Pokmon Trozei!,1,True,True,Strategy,Nintendo,19.95,Nintendo DS,2005,0,3.2333333333333334
592,Pokmon: Platinum Version,1,True,True,"Adventure,Role-Playing (RPG)",Nintendo,27.95,Nintendo DS,2008,18,33.55
593,Polarium,1,True,True,Strategy,Nintendo,8.95,Nintendo DS,2004,1,5.416666666666667
594,Power Stone Collection,1,True,True,Action,Capcom,14.95,Sony PSP,2006,0,0.0
595,PQ: Practical Intelligence Quotient,1,True,True,Strategy,,14.95,Sony PSP,2005,0,0.0
596,Prey,1,True,True,Action,2K,14.95,X360,2006,12,7.5
597,Prince of Persia,1,True,True,Action,Ubisoft,16.95,X360,2008,43,11.633333333333333
598,Prince of Persia: Revelations,1,True,True,Action,Ubisoft,6.95,Sony PSP,2005,0,0.0
599,Prism: Light the Way,1,True,True,"Action,Strategy",Eidos,16.95,Nintendo DS,2007,0,0.0
600,Pro Evolution Soccer 2008,4,True,True,Sports,Konami,14.95,X360,2007,2,0.0
601,Professor Layton and the Curious Village,1,True,True,"Adventure,Educational,Strategy",Nintendo,23.95,Nintendo DS,2007,60,12.8
602,Project Sylpheed: Arc of Deception,1,True,True,Action,"Microsoft,SquareEnix",14.95,X360,2006,0,5.8
603,Pure,1,True,True,"Racing / Driving,Sports",Disney,12.95,X360,2008,3,9.933333333333334
604,Pursuit Force,1,True,True,"Action,Racing / Driving",Sony,14.95,Sony PSP,2005,0,9.75
605,Pursuit Force: Extreme Justice,1,True,True,"Action,Racing / Driving",Sony,14.95,Sony PSP,2007,0,7.5
606,Puyo Pop Fever,1,True,True,"Action,Strategy",Sega,19.95,Nintendo DS,2004,0,1.75
607,Puzzle Quest: Challenge of the Warlords,1,True,True,"Role-Playing (RPG),Strategy",,17.95,Nintendo DS,2007,7,37.016666666666666
608,Quake 4,1,True,True,Action,Activision,14.95,X360,2005,13,7.8
609,R-Type Command,1,True,True,Strategy,,14.95,Sony PSP,2007,0,24.366666666666667
610,Raiden IV,2,True,True,Action,,32.95,X360,2008,0,0.8333333333333334
611,Rampage: Total Destruction,4,True,True,Action,Midway,16.95,Nintendo Wii,2006,0,5.0
612,Ratatouille,1,True,True,Action,THQ,19.95,Nintendo Wii,2007,2,7.5
613,Ratchet & Clank Future: Tools of Destruction,1,True,True,Action,Sony,22.95,PlayStation 3,2007,12,13.066666666666666
614,Ratchet & Clank: Size Matters,1,True,True,Action,Sony,14.95,Sony PSP,2007,4,7.116666666666666
615,Rayman Raving Rabbids,4,True,True,Action,Ubisoft,17.95,Nintendo Wii,2006,2,5.8
616,Rayman Raving Rabbids 2,4,True,True,Action,Ubisoft,17.95,Nintendo Wii,2007,0,5.0
617,Rayman Raving Rabbids TV Party,4,True,True,"Action,Racing / Driving,Sports,Strategy",Ubisoft,17.95,Nintendo Wii,2008,0,0.0
618,Red Steel,4,True,True,Action,Ubisoft,14.95,Nintendo Wii,2006,0,8.6
619,Rengoku: The Tower of Purgatory,1,True,True,"Action,Role-Playing (RPG)",Konami,12.95,Sony PSP,2005,0,4.716666666666667
620,Resident Evil 4,1,True,True,Action,Capcom,16.95,Nintendo Wii,2007,81,16.116666666666667
621,Resident Evil: Deadly Silence,1,True,True,Action,Capcom,17.95,Nintendo DS,2006,2,5.983333333333333
622,Resident Evil: The Umbrella Chronicles,2,True,True,Action,"Capcom,Nintendo",19.95,Nintendo Wii,2007,7,7.55
623,Resistance 2,2,True,True,Action,Sony,24.95,PlayStation 3,2008,2,10.1
624,Resistance: Fall of Man,4,True,True,Action,Sony,19.95,PlayStation 3,2006,4,11.75
625,Retro Atari Classics,1,True,True,"Action,Racing / Driving,Simulation",Atari,12.95,Nintendo DS,2005,0,0.0
626,Retro Game Challenge,1,True,True,"Action,Racing / Driving,Role-Playing (RPG)",Namco,17.95,Nintendo DS,2007,1,11.166666666666666
627,Rhapsody: A Musical Adventure,1,True,True,Role-Playing (RPG),,12.95,Nintendo DS,2008,4,9.65
628,Rhythm Heaven,1,True,True,Action,Nintendo,24.95,Nintendo DS,2008,4,5.966666666666667
629,Ridge Racer,1,True,True,Racing / Driving,Namco,19.95,Sony PSP,2004,1,0.6166666666666667
630,Ridge Racer 6,2,True,True,Racing / Driving,"EA,Namco",14.95,X360,2005,0,8.0
631,Ridge Racer 7,2,True,True,Racing / Driving,"Namco,Sony",19.95,PlayStation 3,2006,1,10.0
632,Ridge Racer DS,1,True,True,Racing / Driving,Namco,9.95,Nintendo DS,2004,0,2.2333333333333334
633,River King: Mystic Valley,1,True,True,"Adventure,Simulation,Sports",,24.95,Nintendo DS,2007,0,0.0
634,Riviera: The Promised Land,1,True,True,Role-Playing (RPG),,17.95,Sony PSP,2006,0,24.1
635,Rock Band,4,True,True,"Action,Simulation",,14.95,X360,2007,1,7.583333333333333
636,Rock Band 2,4,True,True,"Action,Simulation",,19.95,X360,2008,1,9.816666666666666
637,Rockstar Games presents Table Tennis,2,True,True,Sports,Rockstar,9.95,X360,2006,0,6.0
638,Rondo of Swords,1,True,True,"Role-Playing (RPG),Strategy",,19.95,Nintendo DS,2007,2,18.166666666666668
639,Rumble Roses XX,4,True,True,"Action,Sports",Konami,17.95,X360,2006,3,0.0
640,Rune Factory 2: A Fantasy Harvest Moon,1,True,True,"Action,Role-Playing (RPG),Simulation",,17.95,Nintendo DS,2008,1,0.0
641,Rune Factory: A Fantasy Harvest Moon,1,True,True,"Role-Playing (RPG),Simulation",,24.95,Nintendo DS,2006,1,0.0
642,Saints Row,1,True,True,"Action,Racing / Driving",THQ,14.95,X360,2006,7,17.883333333333333
643,Saints Row 2,1,True,True,"Action,Racing / Driving",THQ,17.95,X360,2008,29,20.266666666666666
644,Samba de Amigo,2,True,True,Action,Sega,12.95,Nintendo Wii,2008,0,8.0
645,Samurai Warriors 2,4,True,True,Action,,14.95,X360,2006,3,30.0
646,Samurai Warriors 2: Empires,2,True,True,"Action,Role-Playing (RPG),Strategy",,19.95,X360,2007,1,8.0
647,Samurai Warriors: Katana,1,True,True,Action,,17.95,Nintendo Wii,2008,0,0.0
648,Samurai Warriors: State of War,1,True,True,Action,,17.95,Sony PSP,2006,0,10.5
649,SBK: Snowboard Kids,1,True,True,"Action,Sports",,19.95,Nintendo DS,2006,2,0.0
650,Scarface: The World is Yours,1,True,True,"Action,Racing / Driving",,22.95,Nintendo Wii,2007,8,17.116666666666667
651,Scooby-Doo! Unmasked,1,True,True,Action,THQ,17.95,Nintendo DS,2005,0,8.0
652,Scurge: Hive,1,True,True,Action,,8.95,Nintendo DS,2006,2,10.316666666666666
653,Sea Monsters: A Prehistoric Adventure,1,True,True,"Action,Educational",,13.95,Nintendo DS,2007,1,0.0
654,Secret Agent Clank,1,True,True,Action,Sony,23.95,Sony PSP,2008,0,7.716666666666667
655,Secret Files: Tunguska,1,True,True,Adventure,,17.95,Nintendo DS,2008,9,8.8
656,SEGA Bass Fishing,1,True,True,Sports,Sega,17.95,Nintendo Wii,2008,2,3.333333333333333
657,Sega Casino,1,True,True,Simulation,Sega,17.95,Nintendo DS,2005,0,0.0
658,SEGA Genesis Collection,2,True,True,"Action,Racing / Driving,Role-Playing (RPG),Strategy",Sega,17.95,Sony PSP,2006,0,0.0
659,SEGA Rally Revo,2,True,True,"Racing / Driving,Simulation",Sega,14.95,X360,2007,1,0.0
660,Sega Superstars Tennis,4,True,True,Sports,Sega,9.95,X360,2008,0,7.4
661,Shadowrun,1,True,True,Action,Microsoft,12.95,X360,2007,12,21.45
662,Shaun White Snowboarding,1,True,True,Sports,Ubisoft,14.95,X360,2008,0,0.0
663,Shaun White Snowboarding: Road Trip,1,True,True,Sports,Ubisoft,14.95,Nintendo Wii,2008,0,0.0
664,Shrek SuperSlam,1,True,True,Action,Activision,11.95,Nintendo DS,2005,0,1.2166666666666668
665,Shrek the Third,2,True,True,Action,Activision,14.95,X360,2007,1,4.0
666,Sid Meier's Civilization: Revolution,1,True,True,Strategy,2K,24.95,X360,2008,5,4.966666666666667
667,Silent Hill: 0rigins,1,True,True,Action,Konami,17.95,Sony PSP,2007,4,6.083333333333333
668,Silent Hill: Homecoming,1,True,True,Action,Konami,17.95,X360,2008,5,9.35
669,SimCity Creator,1,True,True,Simulation,EA,24.95,Nintendo Wii,2008,0,0.0
670,SimCity DS,1,True,True,Simulation,EA,14.95,Nintendo DS,2007,0,3.0
671,SingStar,6,True,True,Simulation,Sony,14.95,PlayStation 3,2007,0,0.0
672,SingStar ABBA,8,True,True,Action,Sony,17.95,PlayStation 3,2008,0,0.0
673,skate it,4,True,True,"Action,Sports",EA,39.95,Nintendo Wii,2008,0,0.0
674,Smash Court Tennis 3,1,True,True,Sports,Namco,19.95,Sony PSP,2007,0,0.0
675,Snoopy vs. the Red Baron,1,True,True,Action,Namco,17.95,Sony PSP,2006,0,6.0
676,SOCOM: U.S. Navy SEALs - Confrontation,1,True,True,Action,Sony,16.95,PlayStation 3,2008,0,10.0
677,SOCOM: U.S. Navy SEALs - Fireteam Bravo,1,True,True,Action,Sony,14.95,Sony PSP,2005,0,8.583333333333334
678,SOCOM: U.S. Navy SEALs - Fireteam Bravo 2,1,True,True,Action,Sony,16.95,Sony PSP,2006,0,0.0
679,SOCOM: U.S. Navy SEALs - Tactical Strike,1,True,True,"Action,Strategy",Sony,14.95,Sony PSP,2007,0,0.0
680,Soldier of Fortune: Payback,1,True,True,Action,Activision,13.95,X360,2007,0,3.333333333333333
681,Sonic and the Secret Rings,4,True,True,Action,Sega,16.95,Nintendo Wii,2007,1,9.266666666666667
682,Sonic Chronicles: The Dark Brotherhood,1,True,True,"Action,Role-Playing (RPG)",Sega,17.95,Nintendo DS,2008,2,14.5
683,Sonic Riders: Zero Gravity,4,True,True,Racing / Driving,Sega,16.95,Nintendo Wii,2008,2,3.1
684,Sonic Rivals,1,True,True,"Action,Racing / Driving",Sega,17.95,Sony PSP,2006,1,6.15
685,Sonic Rivals 2,1,True,True,Action,Sega,22.95,Sony PSP,2007,1,0.0
686,Sonic Rush,1,True,True,Action,Sega,14.95,Nintendo DS,2005,5,4.966666666666667
687,Sonic Rush Adventure,1,True,True,"Action,Sports",Sega,24.95,Nintendo DS,2007,4,6.233333333333333
688,Sonic the Hedgehog,2,True,True,Action,Sega,14.95,X360,2007,2,2.8166666666666664
689,Sonic Unleashed,1,True,True,Action,Sega,17.95,Nintendo Wii,2008,1,12.8
690,Soul Bubbles,1,True,True,Strategy,Eidos,14.95,Nintendo DS,2008,4,6.0
691,SoulCalibur IV,2,True,True,Action,Namco,19.95,X360,2008,4,3.183333333333333
692,Soulcalibur Legends,2,True,True,Action,Namco,16.95,Nintendo Wii,2007,0,12.6
693,Space Bust-A-Move,1,True,True,Strategy,SquareEnix,17.95,Nintendo DS,2008,1,1.0
694,Space Chimps,2,True,True,"Action,Adventure",,14.95,X360,2008,0,0.0
695,Space Invaders Extreme,1,True,True,Action,SquareEnix,16.95,Nintendo DS,2008,0,0.0
696,Space Invaders Revolution,1,True,True,Action,,13.95,Nintendo DS,2005,0,0.0
697,Spectrobes,1,True,True,"Action,Strategy",,14.95,Nintendo DS,2007,2,0.0
698,Spectrobes: Beyond the Portals,1,True,True,"Action,Role-Playing (RPG)",Disney,11.95,Nintendo DS,2008,0,24.266666666666666
699,Speed Racer: The Videogame,2,True,True,Racing / Driving,,16.95,Nintendo Wii,2008,1,0.0
700,Spider-Man 2,1,True,True,Action,Activision,14.95,Nintendo DS,2004,2,8.35
701,Spider-Man 3,1,True,True,Action,Ubisoft,6.95,Sony PSP,2006,1,9.633333333333333
702,Spider-Man: Friend or Foe,2,True,True,Action,Activision,17.95,X360,2007,6,8.35
703,Spider-Man: Web of Shadows,1,True,True,Action,Activision,19.95,X360,2008,2,10.7
704,SpongeBob Squarepants: Creature from the Krusty Krab,1,True,True,"Action,Adventure",THQ,14.95,Nintendo Wii,2006,3,5.883333333333333
705,SpongeBob SquarePants: The Yellow Avenger,1,True,True,Action,THQ,13.95,Nintendo DS,2005,1,8.0
706,Spore Creatures,1,True,True,"Adventure,Simulation",EA,14.95,Nintendo DS,2008,0,0.0
707,Sprung,1,True,True,Adventure,Ubisoft,8.95,Nintendo DS,2004,1,0.0
708,Spyro: Shadow Legacy,1,True,True,Role-Playing (RPG),,17.95,Nintendo DS,2005,1,2.5166666666666666
709,SSX Blur,4,True,True,Sports,EA,17.95,Nintendo Wii,2007,0,10.0
710,SSX on Tour,1,True,True,Sports,EA,16.95,Sony PSP,2005,0,0.0
711,Star Fox Command,1,True,True,Action,Nintendo,14.95,Nintendo DS,2006,0,3.3166666666666664
712,Star Ocean: First Departure,1,True,True,"Action,Role-Playing (RPG)",SquareEnix,17.95,Sony PSP,2008,2,21.08333333333333
713,Star Trek Legacy,2,True,True,"Action,Strategy",Ubisoft,24.95,X360,2006,1,9.4
714,Star Trek: Conquest,1,True,True,"Action,Strategy",,27.95,Nintendo Wii,2007,0,0.0
715,Star Trek: Tactical Assault,1,True,True,"Action,Strategy",Ubisoft,17.95,Nintendo DS,2006,0,0.0
716,Star Wars Battlefront: Renegade Squadron,1,True,True,Action,,16.95,Sony PSP,2007,0,4.066666666666666
717,Star Wars: Battlefront II,1,True,True,Action,,16.95,Sony PSP,2005,14,7.783333333333333
718,Star Wars: Episode III - Revenge of the Sith,1,True,True,Action,Ubisoft,16.95,Nintendo DS,2005,3,4.616666666666667
719,Star Wars: Lethal Alliance,1,True,True,Action,Ubisoft,17.95,Sony PSP,2006,0,5.666666666666667
720,Star Wars: The Clone Wars - Jedi Alliance,1,True,True,"Action,Adventure",,17.95,Nintendo DS,2008,0,5.133333333333334
721,Star Wars: The Force Unleashed,1,True,True,Action,,16.95,X360,2008,8,5.333333333333333
722,Street Fighter Alpha 3 MAX,1,True,True,Action,Capcom,14.95,Sony PSP,2006,0,2.0
723,Stuntman: Ignition,4,True,True,"Action,Racing / Driving",THQ,14.95,X360,2007,3,6.016666666666667
724,Summer Athletics 2009,4,True,True,Sports,,19.95,Nintendo Wii,2008,0,0.0
725,Summon Night: Twin Age,1,True,True,Role-Playing (RPG),,24.95,Nintendo DS,2008,1,13.633333333333333
726,Super Dodgeball Brawlers,1,True,True,"Action,Sports",,19.95,Nintendo DS,2008,0,0.6833333333333333
727,Super Mario 64 DS,1,True,True,Action,Nintendo,24.95,Nintendo DS,2004,20,14.333333333333334
728,Super Mario Galaxy,2,True,True,Action,Nintendo,39.95,Nintendo Wii,2007,61,15.283333333333331
729,Super Monkey Ball Adventure,1,True,True,"Action,Racing / Driving",Sega,24.95,Sony PSP,2006,0,0.0
730,Super Monkey Ball: Banana Blitz,4,True,True,Action,Sega,14.95,Nintendo Wii,2006,0,5.316666666666666
731,Super Monkey Ball: Touch & Roll,1,True,True,Action,Sega,15.95,Nintendo DS,2005,0,0.85
732,Super Paper Mario,1,True,True,"Action,Role-Playing (RPG)",Nintendo,29.95,Nintendo Wii,2007,11,17.966666666666665
733,Super Princess Peach,1,True,True,Action,Nintendo,29.95,Nintendo DS,2005,6,7.616666666666667
734,Super Smash Bros.: Brawl,6,True,True,Action,Nintendo,39.95,Nintendo Wii,2008,15,10.85
735,Super Swing Golf,1,True,True,Sports,,16.95,Nintendo Wii,2006,0,0.0
736,Super Swing Golf Season 2,1,True,True,Sports,,19.95,Nintendo Wii,2007,0,0.0
737,Superman Returns,1,True,True,Action,EA,7.95,X360,2006,4,7.0
738,Supreme Commander,1,True,True,Strategy,,17.95,X360,2008,4,19.6
739,Surf's Up,1,True,True,"Racing / Driving,Sports",Ubisoft,14.95,Nintendo DS,2007,0,1.2833333333333332
740,SWAT: Target Liberty,1,True,True,"Action,Strategy",,12.95,Sony PSP,2007,0,0.0
741,Syberia,1,True,True,Adventure,,23.95,Nintendo DS,2008,32,9.916666666666666
742,Syphon Filter: Dark Mirror,1,True,True,Action,Sony,12.95,Sony PSP,2006,1,6.85
743,Syphon Filter: Logan's Shadow,1,True,True,"Action,Strategy",Sony,16.95,Sony PSP,2007,2,11.0
744,Tales of Symphonia: Dawn of the New World,4,True,True,Role-Playing (RPG),Namco,24.95,Nintendo Wii,2008,5,32.81666666666667
745,Tales of Vesperia,1,True,True,"Adventure,Role-Playing (RPG)",Namco,27.95,X360,2008,16,51.68333333333333
746,Tao's Adventure: Curse of the Demon Seal,1,True,True,Role-Playing (RPG),Konami,14.95,Nintendo DS,2006,0,45.0
747,Target: Terror,1,True,True,Action,Konami,17.95,Nintendo Wii,2008,0,0.0
748,Teenage Mutant Ninja Turtles 3: Mutant Nightmare,1,True,True,"Action,Adventure",Konami,17.95,Nintendo DS,2005,0,4.5
749,Tekken: Dark Resurrection,1,True,True,Action,"Namco,Sony",17.95,Sony PSP,2006,2,2.3666666666666667
750,Tenchu Z,1,True,True,Action,Microsoft,14.95,X360,2006,3,20.816666666666663
751,Tenchu: Dark Secret,1,True,True,Action,Nintendo,14.95,Nintendo DS,2006,0,7.1
752,Test Drive Unlimited,1,True,True,Racing / Driving,Atari,17.95,X360,2006,3,28.08333333333333
753,Tetris DS,1,True,True,Strategy,Nintendo,17.95,Nintendo DS,2006,2,16.75
754,Tetris Evolution,4,True,True,Strategy,THQ,17.95,X360,2007,0,0.0
755,Tetris Party,4,True,True,Strategy,,24.95,Nintendo Wii,2008,0,2.0
756,The Ant Bully,1,True,True,Action,Midway,16.95,Nintendo Wii,2006,0,3.5666666666666664
757,The BIGS,4,True,True,"Action,Simulation,Sports",2K,17.95,Nintendo Wii,2007,1,6.866666666666667
758,The Chronicles of Narnia: Prince Caspian,2,True,True,"Action,Role-Playing (RPG)",Disney,16.95,Nintendo Wii,2008,2,14.0
759,"The Chronicles of Narnia: The Lion, the Witch a...",1,True,True,"Action,Role-Playing (RPG)",,12.95,Nintendo DS,2005,0,3.6166666666666663
760,The Club,4,True,True,Action,Sega,14.95,X360,2008,1,4.583333333333333
761,The Con,1,True,True,Action,Sony,8.95,Sony PSP,2005,0,0.0
762,The Dark Spire,1,True,True,"Adventure,Role-Playing (RPG)",,24.95,Nintendo DS,2008,3,27.916666666666668
763,The Darkness,1,True,True,Action,2K,14.95,X360,2007,5,9.433333333333334
764,The Elder Scrolls IV: Oblivion,1,True,True,"Action,Role-Playing (RPG)",2K,19.95,X360,2006,117,26.83333333333333
765,The Elder Scrolls IV: Shivering Isles,1,True,True,"Action,Role-Playing (RPG)",,24.95,X360,2007,5,11.266666666666667
766,The Eye of Judgment,2,True,True,Strategy,Sony,12.95,PlayStation 3,2007,0,0.0
767,The Fast and the Furious,1,True,True,Racing / Driving,Namco,22.95,Sony PSP,2007,0,0.0
768,The Godfather: The Game,1,True,True,Action,EA,17.95,X360,2006,11,12.933333333333334
769,The Golden Compass,1,True,True,Action,Sega,9.95,X360,2007,0,6.583333333333333
770,The House of the Dead 2 & 3 Return,2,True,True,Action,Sega,17.95,Nintendo Wii,2008,2,3.183333333333333
771,The Incredible Hulk,1,True,True,Action,Sega,16.95,Nintendo Wii,2008,1,0.0
772,The King of Fighters Collection: The Orochi Saga,1,True,True,Action,,17.95,Nintendo Wii,2008,0,0.0
773,The Last Remnant,1,True,True,Role-Playing (RPG),SquareEnix,14.95,X360,2008,13,60.78333333333333
774,The Legend of Heroes II: Prophecy of the Moonli...,1,True,True,Role-Playing (RPG),Namco,17.95,Sony PSP,2006,1,23.53333333333333
775,The Legend of Heroes III: Song of the Ocean,1,True,True,Role-Playing (RPG),Namco,17.95,Sony PSP,2007,1,44.85
776,The Legend of Heroes: A Tear of Vermillion,1,True,True,Role-Playing (RPG),,17.95,Sony PSP,2005,2,26.266666666666666
777,The Legend of Kage 2,1,True,True,Action,SquareEnix,14.95,Nintendo DS,2008,0,3.333333333333333
778,The Legend of Zelda: Phantom Hourglass,1,True,True,Action,Nintendo,24.95,Nintendo DS,2007,21,16.1
779,The Legend of Zelda: Twilight Princess,1,True,True,"Action,Role-Playing (RPG)",Nintendo,39.95,Nintendo Wii,2006,106,37.266666666666666
780,The Legendary Starfy,1,True,True,"Action,Adventure",Nintendo,24.95,Nintendo DS,2008,5,8.133333333333333
781,The Lord of the Rings: Tactics,1,True,True,"Role-Playing (RPG),Strategy",EA,19.95,Sony PSP,2005,0,5.0
782,The Lord of the Rings: The Battle for Middle Ea...,1,True,True,Strategy,EA,19.95,X360,2006,8,14.716666666666669
783,The Orange Box,1,True,True,Action,,17.95,X360,2007,4,26.65
784,The Outfit,2,True,True,Action,THQ,14.95,X360,2006,0,8.0
785,The Rub Rabbits!,2,True,True,"Action,Adventure",Sega,17.95,Nintendo DS,2005,0,2.1666666666666665
786,The Settlers,1,True,True,Strategy,Ubisoft,17.95,Nintendo DS,2007,1,3.75
787,The Simpsons Game,1,True,True,Action,EA,17.95,Nintendo DS,2007,7,0.9333333333333332
788,The Sims 2,1,True,True,"Role-Playing (RPG),Simulation",EA,17.95,Nintendo DS,2005,1,40.66666666666666
789,The Sims 2: Apartment Pets,1,True,True,Simulation,EA,17.95,Nintendo DS,2008,0,0.0
790,The Sims 2: Castaway,1,True,True,Simulation,EA,16.95,Nintendo DS,2007,0,0.0
791,The Sims 2: Pets,1,True,True,Simulation,EA,14.95,Nintendo DS,2006,0,0.0
792,The Spiderwick Chronicles,2,True,True,"Action,Adventure",,16.95,Nintendo Wii,2008,0,4.0
793,The Urbz: Sims in the City,1,True,True,Simulation,EA,12.95,Nintendo DS,2004,2,15.5
794,The Warriors,1,True,True,Action,Rockstar,17.95,Sony PSP,2007,1,12.733333333333333
795,The World Ends With You,1,True,True,"Action,Adventure,Role-Playing (RPG)",SquareEnix,17.95,Nintendo DS,2007,19,25.366666666666667
796,Thrillville,1,True,True,"Simulation,Strategy",Atari,14.95,Sony PSP,2006,0,0.0
797,Thrillville: Off the Rails,4,True,True,"Simulation,Strategy",,16.95,Nintendo Wii,2007,2,7.883333333333333
798,Tiger Woods PGA Tour,1,True,True,Sports,EA,17.95,Sony PSP,2005,0,0.0
799,Tiger Woods PGA Tour 06,4,True,True,Sports,EA,9.95,X360,2005,0,0.0
800,Tiger Woods PGA Tour 07,1,True,True,Sports,EA,9.95,X360,2006,0,10.0
801,Tiger Woods PGA Tour 08,4,True,True,Sports,EA,17.95,Nintendo Wii,2007,0,0.0
802,Tiger Woods PGA Tour 09,4,True,True,Sports,EA,19.95,X360,2008,0,0.0
803,Time Crisis 4,2,True,True,Action,Namco,24.95,PlayStation 3,2007,0,1.2166666666666668
804,TimeShift,1,True,True,Action,,12.95,X360,2007,5,8.216666666666667
805,TMNT,1,True,True,Action,Ubisoft,19.95,X360,2007,10,4.65
806,TNA iMPACT!,4,True,True,Sports,Midway,14.95,X360,2008,1,8.166666666666666
807,Tokobot,1,True,True,Strategy,,17.95,Sony PSP,2005,0,8.45
808,Tom Clancy's EndWar,1,True,True,Strategy,Ubisoft,16.95,X360,2008,0,10.466666666666669
809,Tom Clancy's Ghost Recon: Advanced Warfighter,4,True,True,Action,Ubisoft,14.95,X360,2006,0,8.666666666666666
810,Tom Clancy's Ghost Recon: Advanced Warfighter 2...,1,True,True,Action,Ubisoft,14.95,X360,2007,0,8.666666666666666
811,Tom Clancy's Rainbow Six: Vegas,2,True,True,Action,Ubisoft,14.95,X360,2006,1,8.75
812,Tom Clancy's Rainbow Six: Vegas 2,2,True,True,Action,Ubisoft,16.95,X360,2008,1,8.75
813,Tom Clancy's Splinter Cell: Double Agent,1,True,True,Action,Ubisoft,17.95,X360,2006,9,11.616666666666667
814,Tomb Raider: Underworld,1,True,True,Action,Eidos,17.95,X360,2008,13,10.25
815,Tony Hawk's American Sk8land,1,True,True,Sports,Activision,16.95,Nintendo DS,2005,0,0.0
816,Tony Hawk's American Wasteland,1,True,True,Sports,Activision,14.95,X360,2005,2,11.8
817,Tony Hawk's Downhill Jam,1,True,True,"Racing / Driving,Sports",Activision,14.95,Nintendo DS,2006,0,0.0
818,Tony Hawk's Project 8,2,True,True,Sports,Activision,17.95,Sony PSP,2006,0,16.433333333333334
819,Tony Hawk's Proving Ground,2,True,True,Sports,Activision,16.95,X360,2007,0,8.133333333333333
820,Tony Hawk's Underground 2: Remix,1,True,True,Sports,Activision,14.95,Sony PSP,2005,1,0.0
821,Too Human,1,True,True,"Action,Role-Playing (RPG)",Microsoft,14.95,X360,2008,1,12.916666666666666
822,Top Spin 2,4,True,True,Sports,2K,12.95,X360,2006,0,10.0
823,Top Spin 3,4,True,True,Sports,2K,19.95,X360,2008,0,0.0
824,Touch Detective,1,True,True,Adventure,,14.95,Nintendo DS,2006,3,5.983333333333333
825,Touch Detective 2 1/2,1,True,True,Adventure,,14.95,Nintendo DS,2007,3,5.833333333333333
826,Touch the Dead,1,True,True,Action,,16.95,Nintendo DS,2007,0,4.65
827,Transformers: Autobots,1,True,True,"Action,Racing / Driving",Activision,17.95,Nintendo DS,2007,0,0.0
828,Transformers: Decepticons,1,True,True,"Action,Racing / Driving",Activision,17.95,Nintendo DS,2007,0,0.0
829,Transformers: The Game,1,True,True,Action,Activision,14.95,X360,2007,1,5.316666666666666
830,Trauma Center: New Blood,2,True,True,"Action,Simulation",Nintendo,17.95,Nintendo Wii,2007,0,10.75
831,Trauma Center: Second Opinion,1,True,True,"Action,Simulation",Nintendo,17.95,Nintendo Wii,2006,1,8.683333333333334
832,Trauma Center: Under the Knife,1,True,True,"Action,Simulation",Nintendo,15.95,Nintendo DS,2005,3,8.15
833,Trauma Center: Under The Knife 2,1,True,True,"Action,Simulation",,19.95,Nintendo DS,2008,0,12.0
834,Tropix!,1,True,True,Action,,23.95,Nintendo DS,2008,0,0.0
835,True Swing Golf,1,True,True,Sports,Nintendo,14.95,Nintendo DS,2005,0,0.0
836,Turn It Around,1,True,True,"Racing / Driving,Sports",,9.95,Nintendo DS,2007,1,0.0
837,Turning Point: Fall of Liberty,1,True,True,Action,,7.95,X360,2008,1,5.266666666666667
838,Turok,1,True,True,Action,,14.95,X360,2008,11,8.45
839,TV Show King,4,True,True,Strategy,,17.95,Nintendo Wii,2008,2,0.0
840,Twisted Metal: Head-On,1,True,True,"Action,Racing / Driving",Sony,14.95,Sony PSP,2005,0,0.0
841,Two Worlds,1,True,True,"Action,Role-Playing (RPG)",,14.95,X360,2007,5,19.2
842,UEFA Champions League 2006-2007,4,True,True,Sports,EA,6.95,X360,2007,0,0.0
843,UEFA Euro 2008,7,True,True,Sports,EA,17.95,PlayStation 3,2008,0,0.0
844,Ultimate Band,1,True,True,"Action,Simulation",Disney,14.95,Nintendo DS,2008,0,0.0
845,Ultimate Ghosts 'N' Goblins,1,True,True,Action,Capcom,17.95,Sony PSP,2006,1,3.333333333333333
846,Ultimate Mortal Kombat 3,1,True,True,Action,Midway,23.95,Nintendo DS,2007,3,1.0666666666666669
847,Uncharted: Drake's Fortune,1,True,True,Action,Sony,24.95,PlayStation 3,2007,91,8.5
848,Universe at War: Earth Assault,1,True,True,"Action,Strategy",Sega,14.95,X360,2008,0,16.0
849,Unreal Tournament III,1,True,True,Action,Midway,16.95,PlayStation 3,2007,4,11.0
850,Unsolved Crimes,1,True,True,"Action,Adventure,Racing / Driving",,17.95,Nintendo DS,2008,0,0.0
851,Untold Legends: Brotherhood of the Blade,1,True,True,"Action,Role-Playing (RPG)","Activision,Sony",12.95,Sony PSP,2005,0,20.0
852,Untold Legends: Dark Kingdom,2,True,True,"Action,Role-Playing (RPG)","EA,Sony",16.95,PlayStation 3,2006,1,0.0
853,Untold Legends: The Warrior's Code,1,True,True,"Action,Role-Playing (RPG)","Sony,Ubisoft",14.95,Sony PSP,2006,0,0.0
854,Valhalla Knights,1,True,True,"Action,Role-Playing (RPG)",,16.95,Sony PSP,2006,0,0.0
855,Valkyria Chronicles,1,True,True,"Action,Role-Playing (RPG),Strategy",Sega,24.95,PlayStation 3,2008,18,31.7
856,Valkyrie Profile: Covenant of the Plume,1,True,True,"Role-Playing (RPG),Strategy",SquareEnix,24.95,Nintendo DS,2008,4,15.466666666666669
857,Valkyrie Profile: Lenneth,1,True,True,Role-Playing (RPG),SquareEnix,22.95,Sony PSP,2006,6,33.18333333333333
858,Vampire Rain,1,True,True,Action,Microsoft,11.95,X360,2007,0,10.883333333333333
859,Victorious Boxers: Revolution,1,True,True,"Action,Simulation,Sports",Ubisoft,24.95,Nintendo Wii,2007,0,0.0
860,Viewtiful Joe: Double Trouble!,1,True,True,Action,Capcom,14.95,Nintendo DS,2005,0,5.166666666666667
861,Viewtiful Joe: Red Hot Rumble,1,True,True,Action,Capcom,14.95,Sony PSP,2006,0,4.8
862,Viking: Battle for Asgard,1,True,True,Action,Sega,14.95,X360,2008,15,13.033333333333331
863,Virtua Fighter 5,2,True,True,Action,Sega,14.95,PlayStation 3,2007,2,1.1666666666666667
864,Virtua Tennis 3,4,True,True,Sports,Sega,19.95,PlayStation 3,2007,0,17.0
865,Virtua Tennis: World Tour,1,True,True,Sports,Sega,14.95,Sony PSP,2005,0,0.0
866,Viva Pi$?ata,4,True,True,"Simulation,Strategy",Microsoft,16.95,X360,2006,9,18.0
867,Viva Pi$?ata: Party Animals,4,True,True,Racing / Driving,Microsoft,14.95,X360,2007,1,0.0
868,Viva Pi$?ata: Pocket Paradise,1,True,True,"Simulation,Strategy",THQ,17.95,Nintendo DS,2008,0,20.33333333333333
869,Viva Pi$?ata: Trouble in Paradise,2,True,True,"Racing / Driving,Simulation,Strategy",Microsoft,17.95,X360,2008,2,70.0
870,Wall-E,4,True,True,Action,THQ,17.95,Nintendo Wii,2008,1,6.283333333333333
871,"Warhammer 40,000: Squad Command",1,True,True,Strategy,THQ,17.95,Sony PSP,2007,0,0.0
872,Warhammer: Battle for Atluma,1,True,True,Strategy,Namco,17.95,Sony PSP,2006,0,0.0
873,Wario Land: Shake It!,1,True,True,Action,Nintendo,19.95,Nintendo Wii,2008,3,6.2
874,Wario: Master of Disguise,1,True,True,Action,Nintendo,14.95,Nintendo DS,2007,0,8.716666666666667
875,WarioWare Touched!,2,True,True,"Action,Racing / Driving,Sports",Nintendo,22.95,Nintendo DS,2004,16,1.9166666666666663
876,WarioWare: Smooth Moves,6,True,True,"Action,Racing / Driving,Sports",Nintendo,39.95,Nintendo Wii,2006,8,2.7666666666666666
877,Warriors Orochi,2,True,True,"Action,Role-Playing (RPG)",,19.95,X360,2007,1,10.25
878,WarTech: Senko no Ronde,2,True,True,Action,Ubisoft,12.95,X360,2006,1,0.85
879,Wii Fit,1,True,True,"Educational,Sports",Nintendo,24.95,Nintendo Wii,2007,0,3.85
880,Wii Play,2,True,True,"Action,Sports",Nintendo,14.95,Nintendo Wii,2006,0,4.083333333333333
881,Wild Arms XF,1,True,True,Role-Playing (RPG),,17.95,Sony PSP,2008,1,52.23333333333333
882,Winning Eleven: Pro Evolution Soccer 2007,6,True,True,Sports,Konami,11.95,X360,2006,1,10.0
883,Winter Sports: The Ultimate Challenge,1,True,True,"Racing / Driving,Sports",,16.95,Nintendo Wii,2007,0,0.0
884,WipEout Pulse,1,True,True,"Action,Racing / Driving",Sony,16.95,Sony PSP,2007,2,7.716666666666667
885,WipEout Pure,1,True,True,"Action,Racing / Driving",Sony,12.95,Sony PSP,2005,0,6.716666666666667
886,WordJong,1,True,True,Strategy,,17.95,Nintendo DS,2007,0,0.0
887,World Series of Poker,1,True,True,"Sports,Strategy",Activision,14.95,Sony PSP,2005,0,0.0
888,World Series of Poker 2008: Battle for the Brac...,1,True,True,Simulation,Activision,19.95,X360,2007,0,0.0
889,Worms: A Space Oddity,4,True,True,"Action,Strategy",THQ,17.95,Nintendo Wii,2008,0,0.0
890,Worms: Open Warfare,1,True,True,"Action,Strategy",THQ,17.95,Sony PSP,2006,1,8.25
891,Worms: Open Warfare 2,1,True,True,"Action,Strategy",THQ,17.95,Nintendo DS,2007,1,8.25
892,WWE Smackdown vs. Raw 2006,4,True,True,"Action,Sports",THQ,14.95,Sony PSP,2005,3,7.966666666666667
893,WWE SmackDown vs. Raw 2007,4,True,True,Sports,THQ,12.95,X360,2006,3,8.75
894,WWE Smackdown vs. Raw 2008,4,True,True,Sports,THQ,12.95,X360,2007,5,9.65
895,WWE SmackDown vs. Raw 2008,1,True,True,Sports,THQ,14.95,Nintendo DS,2007,5,9.65
896,X-Men: Legends II - Rise of Apocalypse,1,True,True,"Action,Role-Playing (RPG)",Activision,17.95,Sony PSP,2005,2,22.566666666666663
897,X-Men: The Official Game,1,True,True,Action,Activision,14.95,X360,2006,3,12.5
898,Xiaolin Showdown,1,True,True,Action,Konami,14.95,Sony PSP,2006,1,6.0
899,Yoshi Touch & Go,1,True,True,Action,Nintendo,17.95,Nintendo DS,2005,0,3.0
900,Yoshi's Island DS,1,True,True,Action,Nintendo,27.95,Nintendo DS,2006,0,8.516666666666667
901,Ys VI: The Ark of Napishtim,1,True,True,"Action,Role-Playing (RPG)",Konami,16.95,Sony PSP,2006,5,14.366666666666667
902,Zack & Wiki: Quest for Barbaros' Treasure,1,True,True,Adventure,Capcom,17.95,Nintendo Wii,2007,3,15.483333333333333
903,Zendoku,1,True,True,"Role-Playing (RPG),Strategy",Eidos,16.95,Nintendo DS,2007,1,0.0
904,Zoids Assault,1,True,True,"Role-Playing (RPG),Strategy",,17.95,X360,2007,1,11.0
905,Zoo Keeper,1,True,True,Action,,14.95,Nintendo DS,2004,1,6.0
906,Zoo Tycoon DS,1,True,True,"Simulation,Strategy",THQ,12.95,Nintendo DS,2005,0,0.0
907,Zubo,1,True,True,"Adventure,Role-Playing (RPG),Strategy",EA,14.95,Nintendo DS,2008,0,0.0
