Title,Features.Max Players,Features.Multiplatform?,Features.Online?,Metadata.Genres,Metadata.Publishers,Price,Release.Console,Release.Year,Length.Completionists.Polled,Length.Main Story.Average
?kami,1,True,True,Action,Capcom,17.95,Nintendo Wii,2008,70,36.96666666666667
007: From Russia with Love,1,True,True,"Action,Racing / Driving",EA,17.95,Sony PSP,2006,0,6.333333333333333
300: March to Glory,1,True,True,Action,Eidos,14.95,Sony PSP,2007,0,7.4
7 Wonders of the Ancient World,1,True,True,Strategy,,17.95,Nintendo DS,2007,0,7.483333333333333
AC/DC Live: Rock Band - Track Pack,4,True,True,"Action,Simulation",,14.95,X360,2008,0,3.6333333333333333
Ace Combat 6: Fires of Liberation,1,True,True,"Action,Simulation",Namco,19.95,X360,2007,0,12.416666666666666
Ace Combat X: Skies of Deception,1,True,True,"Action,Simulation",Namco,22.95,Sony PSP,2006,1,4.183333333333334
Advance Wars: Days of Ruin,4,True,True,Strategy,Nintendo,17.95,Nintendo DS,2008,3,20.116666666666667
Advance Wars: Dual Strike,1,True,True,Strategy,Nintendo,17.95,Nintendo DS,2005,4,24.2
Afrika,1,True,True,"Adventure,Simulation",Sony,47.95,PlayStation 3,2008,5,23.666666666666668
After Burner: Black Falcon,1,True,True,Action,Sega,19.95,Sony PSP,2007,0,0.0
Agatha Christie: And Then There Were None,1,True,True,Adventure,,17.95,Nintendo Wii,2008,2,7.166666666666667
Agatha Christie: Evil Under the Sun,1,True,True,Adventure,,17.95,Nintendo Wii,2008,1,9.25
Age of Empires: Mythologies,1,True,True,Strategy,THQ,17.95,Nintendo DS,2008,1,0.0
Age of Empires: The Age of Kings,1,True,True,Strategy,,17.95,Nintendo DS,2006,9,46.15
Alex Rider: Stormbreaker,1,True,True,"Action,Adventure",THQ,12.95,Nintendo DS,2006,1,0.0
Alien Syndrome,1,True,True,Action,Sega,12.95,Sony PSP,2007,1,3.05
Aliens Vs Predator: Requiem,2,True,True,Action,,17.95,Sony PSP,2007,0,0.0
All-Pro Football 2K8,4,True,True,Sports,2K,7.95,X360,2007,0,12.0
Alone in the Dark,1,True,True,"Action,Adventure,Racing / Driving",Atari,14.95,X360,2008,4,5.866666666666667
Amped 3,1,True,True,Sports,2K,14.95,X360,2005,2,6.333333333333333
Animal Crossing: City Folk,1,True,True,Simulation,Nintendo,29.95,Nintendo Wii,2008,2,69.83333333333333
Animal Crossing: Wild World,1,True,True,Simulation,Nintendo,24.95,Nintendo DS,2005,4,72.38333333333334
Anubis II,1,True,True,Action,,9.95,Nintendo Wii,2007,0,0.0
Ape Escape Academy,4,True,True,"Action,Sports",Sony,14.95,Sony PSP,2004,0,1.8833333333333333
Apollo Justice: Ace Attorney,1,True,True,"Adventure,Simulation",Capcom,24.95,Nintendo DS,2008,39,19.516666666666666
Arkanoid DS,1,True,True,Strategy,SquareEnix,16.95,Nintendo DS,2007,0,0.0
Armored Core 4,2,True,True,Action,Sega,19.95,PlayStation 3,2006,0,23.0
Armored Core: For Answer,1,True,True,Action,Ubisoft,29.95,PlayStation 3,2008,2,10.25
Armored Core: Formula Front - Extreme Battle,1,True,True,"Action,Strategy",,16.95,Sony PSP,2004,0,0.0
Army of Two,2,True,True,Action,EA,16.95,X360,2008,0,6.566666666666666
Asphalt: Urban GT,1,True,True,"Racing / Driving,Simulation",Ubisoft,14.95,Nintendo DS,2004,1,15.0
Assassin's Creed,1,True,True,Action,Ubisoft,16.95,X360,2007,115,15.3
Assassin's Creed: Altar's Chronicles,1,True,True,Action,Ubisoft,11.95,Nintendo DS,2008,5,5.183333333333334
Astonishia Story,1,True,True,"Role-Playing (RPG),Strategy",Ubisoft,16.95,Sony PSP,2006,1,19.15
ATV Offroad Fury: Blazin' Trails,4,True,True,"Racing / Driving,Sports",Sony,12.95,Sony PSP,2005,0,0.0
ATV Quad Frenzy,1,True,True,"Racing / Driving,Sports",,14.95,Nintendo DS,2005,0,0.0
Avalon Code,1,True,True,"Action,Adventure,Role-Playing (RPG)",,27.95,Nintendo DS,2008,2,21.0
Avatar: The Last Airbender,1,True,True,Action,THQ,17.95,Nintendo DS,2006,5,5.333333333333333
B-Boy,1,True,True,Action,Sony,17.95,Sony PSP,2006,0,0.0
Baja: Edge of Control,4,True,True,"Racing / Driving,Simulation,Sports",THQ,16.95,X360,2008,0,0.0
Bangai-O Spirits,1,True,True,Action,,14.95,Nintendo DS,2008,1,8.0
Banjo-Kazooie: Nuts & Bolts,1,True,True,"Action,Adventure,Racing / Driving,Sports",Microsoft,17.95,X360,2008,8,16.183333333333334
Barnyard,1,True,True,"Action,Adventure",THQ,17.95,Nintendo Wii,2007,0,0.0
Baroque,1,True,True,"Action,Role-Playing (RPG)",,19.95,Nintendo Wii,2008,0,7.783333333333333
Battle Fantasia,2,True,True,"Action,Role-Playing (RPG)",,22.95,X360,2008,0,1.1333333333333333
Battle of the Bands,2,True,True,"Action,Simulation",THQ,14.95,Nintendo Wii,2008,0,0.0
Battlefield 2: Modern Combat,4,True,True,Action,EA,16.95,X360,2005,0,6.733333333333333
Battlefield: Bad Company,1,True,True,Action,EA,16.95,X360,2008,17,6.85
Battles of Prince of Persia,1,True,True,Strategy,Ubisoft,14.95,Nintendo DS,2005,0,8.5
Battlestations: Midway,1,True,True,"Action,Strategy",Eidos,17.95,X360,2007,0,8.3
BattleZone,1,True,True,Action,Atari,14.95,Sony PSP,2006,0,0.0
Beautiful Katamari,1,True,True,Action,Namco,17.95,X360,2007,2,5.866666666666667
Bee Movie Game,1,True,True,Adventure,Activision,17.95,Nintendo DS,2007,1,5.916666666666667
Beijing 2008,4,True,True,Sports,Sega,14.95,X360,2008,0,0.0
Ben 10: Protector of the Earth,1,True,True,Action,,16.95,Nintendo Wii,2007,3,4.816666666666666
Beowulf: The Game,1,True,True,Action,Ubisoft,12.95,X360,2007,0,11.533333333333333
Big Brain Academy,1,True,True,Action,Nintendo,16.95,Nintendo DS,2005,3,4.3
Big Brain Academy: Wii Degree,8,True,True,Action,Nintendo,19.95,Nintendo Wii,2007,0,0.0
Bionicle Heroes,1,True,True,Action,Eidos,16.95,Nintendo DS,2006,5,8.55
BioShock,1,True,True,Action,2K,16.95,X360,2007,214,12.266666666666667
BlackSite: Area 51,1,True,True,Action,Midway,17.95,X360,2007,2,5.733333333333333
Blade Dancer: Lineage of Light,1,True,True,Role-Playing (RPG),,16.95,Sony PSP,2006,1,29.75
Bladestorm: The Hundred Years' War,1,True,True,"Action,Role-Playing (RPG),Strategy",,44.95,PlayStation 3,2007,0,0.0
"Blast Works: Build, Trade, Destroy",4,True,True,Action,,14.95,Nintendo Wii,2008,0,0.0
Blazing Angels 2: Secret Missions of WWII,2,True,True,Action,Ubisoft,16.95,X360,2007,0,10.0
Blazing Angels: Squadrons of WWII,2,True,True,Action,Ubisoft,16.95,X360,2006,0,0.0
Bleach: The Blade of Fate,1,True,True,Action,Sega,17.95,Nintendo DS,2007,2,5.55
Blitz: The League,2,True,True,Sports,Midway,14.95,X360,2006,0,15.0
Blitz: The League II,2,True,True,"Action,Sports",Midway,14.95,PlayStation 3,2008,0,20.0
Blue Dragon,1,True,True,Role-Playing (RPG),Microsoft,14.95,X360,2006,9,44.5
Bomberman,1,True,True,Strategy,Ubisoft,17.95,Nintendo DS,2005,0,3.3333333333333335
Bomberman Land,4,True,True,Action,,19.95,Nintendo Wii,2008,0,0.0
Bomberman Land Touch!,1,True,True,Action,,24.95,Nintendo DS,2006,0,15.0
Bomberman: Act Zero,1,True,True,Action,Konami,12.95,X360,2006,0,0.0
Boogie,2,True,True,Action,EA,17.95,Nintendo Wii,2007,0,0.0
Boom Blox,4,True,True,"Action,Strategy",EA,24.95,Nintendo Wii,2008,0,5.666666666666667
Bounty Hounds,1,True,True,"Action,Strategy",Namco,17.95,Sony PSP,2006,0,0.0
Brain Age: Train Your Brain in Minutes a Day!,1,True,True,Action,Nintendo,17.95,Nintendo DS,2005,2,0.9333333333333333
Brain Agey: More Training in Minutes a Day!,1,True,True,Action,Nintendo,17.95,Nintendo DS,2005,1,7.266666666666667
Brave Story: New Traveler,1,True,True,Role-Playing (RPG),,17.95,Sony PSP,2007,3,23.5
Break 'em All,1,True,True,Action,,17.95,Nintendo DS,2005,0,0.0
Brooktown High,1,True,True,Simulation,Konami,16.95,Sony PSP,2007,0,0.0
Brothers in Arms DS,1,True,True,Action,Ubisoft,17.95,Nintendo DS,2007,0,5.0
Brothers in Arms: D-Day,1,True,True,Action,Ubisoft,6.95,Sony PSP,2006,0,8.0
Brothers in Arms: Double Time,1,True,True,"Action,Strategy",Ubisoft,17.95,Nintendo Wii,2008,0,0.0
Brothers in Arms: Hell's Highway,1,True,True,Action,Ubisoft,17.95,X360,2008,4,8.3
Bubble Bobble Double Shot,1,True,True,Action,,17.95,Nintendo DS,2007,0,0.0
Bubble Bobble Evolution,1,True,True,Action,,12.95,Sony PSP,2006,0,0.0
Bubble Bobble Revolution,1,True,True,Action,,17.95,Nintendo DS,2005,0,0.0
Bullet Witch,1,True,True,Action,Atari,16.95,X360,2006,1,6.266666666666667
Bully: Scholarship Edition,1,True,True,"Action,Adventure",Rockstar,17.95,X360,2008,41,14.25
Burnout Dominator,4,True,True,"Action,Racing / Driving",EA,17.95,Sony PSP,2007,1,14.0
Burnout Legends,1,True,True,"Action,Racing / Driving",EA,14.95,Sony PSP,2005,4,6.516666666666667
Burnout Paradise,1,True,True,"Action,Racing / Driving",EA,17.95,PlayStation 3,2008,23,13.783333333333333
Bust-a-Move Deluxe,2,True,True,Strategy,,14.95,Sony PSP,2006,0,0.0
Bust-a-Move DS,1,True,True,"Action,Strategy",,17.95,Nintendo DS,2005,0,0.0
BWii: Battalion Wars 2,1,True,True,"Action,Simulation,Strategy",Nintendo,14.95,Nintendo Wii,2007,0,10.033333333333333
Cabela's African Safari,1,True,True,Sports,Activision,17.95,X360,2006,0,0.0
Cabela's Alaskan Adventures,1,True,True,Sports,Activision,17.95,X360,2006,1,0.0
Cabela's Big Game Hunter,1,True,True,"Simulation,Sports",Activision,19.95,X360,2007,0,4.0
Cabela's Dangerous Hunts 2009,1,True,True,Sports,Activision,19.95,X360,2008,0,0.0
Cake Mania,1,True,True,Action,,16.95,Nintendo DS,2007,3,5.333333333333333
Call of Duty 2,4,True,True,Action,"Activision,Konami",17.95,X360,2005,39,8.516666666666667
Call of Duty 3,2,True,True,Action,Activision,16.95,X360,2006,5,8.3
Call of Duty 4: Modern Warfare,4,True,True,Action,Activision,29.95,X360,2007,50,6.75
Call of Duty: Roads to Victory,1,True,True,Action,Activision,24.95,Sony PSP,2007,2,5.316666666666666
Call of Duty: World at War,4,True,True,Action,Activision,29.95,X360,2008,19,7.8
Call of Juarez,1,True,True,Action,Ubisoft,14.95,X360,2007,13,7.916666666666667
Capcom Classics Collection Reloaded,1,True,True,Action,Capcom,17.95,Sony PSP,2006,0,0.0
Capcom Classics Collection Remixed,1,True,True,Action,Capcom,17.95,Sony PSP,2005,0,0.0
Capcom Puzzle World,1,True,True,Strategy,Capcom,19.95,Sony PSP,2007,0,0.0
Cartoon Network Racing,1,True,True,Racing / Driving,,14.95,Nintendo DS,2006,1,0.0
Castlevania Judgment,2,True,True,Action,Konami,17.95,Nintendo Wii,2008,0,7.783333333333333
Castlevania: Dawn of Sorrow,1,True,True,"Action,Role-Playing (RPG)",Konami,17.95,Nintendo DS,2005,19,11.216666666666667
Castlevania: Order of Ecclesia,1,True,True,"Action,Adventure,Role-Playing (RPG)",Konami,24.95,Nintendo DS,2008,13,10.833333333333334
Castlevania: Portrait of Ruin,1,True,True,Action,Konami,17.95,Nintendo DS,2006,9,11.1
Castlevania: The Dracula X Chronicles,2,True,True,Action,Konami,16.95,Sony PSP,2007,1,6.766666666666667
Chicken Hunter,1,True,True,Action,,17.95,Nintendo DS,2008,1,0.0
Chicken Shoot,2,True,True,Action,,12.95,Nintendo Wii,2007,1,0.75
Children of Mana,1,True,True,"Action,Role-Playing (RPG)","Nintendo,SquareEnix",16.95,Nintendo DS,2006,5,17.683333333333334
Chromehounds,1,True,True,"Action,Simulation,Strategy",Sega,14.95,X360,2006,1,10.0
Chrono Trigger,2,True,True,Role-Playing (RPG),SquareEnix,17.95,Nintendo DS,2008,63,23.416666666666668
Clubhouse Games,1,True,True,Strategy,Nintendo,17.95,Nintendo DS,2005,1,0.0
Code Lyoko,1,True,True,"Action,Adventure",,11.95,Nintendo DS,2007,0,6.516666666666667
Code Lyoko: Fall of X.A.N.A,1,True,True,"Action,Role-Playing (RPG)",,14.95,Nintendo DS,2008,0,15.15
Code Lyoko: Quest for Infinity,1,True,True,Action,,17.95,Nintendo Wii,2007,0,5.8
Coded Arms,1,True,True,Action,Konami,12.95,Sony PSP,2005,0,4.816666666666666
Coded Arms: Contagion,1,True,True,Action,Konami,14.95,Sony PSP,2007,0,9.85
College Hoops 2K6,1,True,True,Sports,2K,6.95,X360,2006,3,0.0
College Hoops 2K7,4,True,True,Sports,2K,6.95,X360,2006,0,0.0
College Hoops 2K8,1,True,True,Sports,2K,9.95,X360,2007,0,0.0
Command & Conquer 3: Kane's Wrath,1,True,True,Strategy,EA,17.95,X360,2008,0,8.733333333333333
Command & Conquer 3: Tiberium Wars,1,True,True,Strategy,EA,24.95,X360,2007,4,23.833333333333332
Command & Conquer: Red Alert 3,1,True,True,Strategy,EA,14.95,X360,2008,1,10.983333333333333
Conan,1,True,True,"Action,Adventure",THQ,17.95,PlayStation 3,2007,2,6.3
Condemned 2: Bloodshot,1,True,True,"Action,Adventure",Sega,14.95,X360,2008,1,8.633333333333333
Condemned: Criminal Origins,1,True,True,"Action,Adventure",Sega,14.95,X360,2005,7,7.25
Conflict: Denied Ops,4,True,True,Action,Eidos,12.95,X360,2008,0,5.783333333333333
Contact,1,True,True,"Adventure,Role-Playing (RPG)",,14.95,Nintendo DS,2006,5,11.75
Contra 4,1,True,True,Action,Konami,17.95,Nintendo DS,2007,2,5.333333333333333
Cooking Mama,1,True,True,Simulation,,17.95,Nintendo DS,2006,0,8.633333333333333
Cooking Mama 2: Dinner with Friends,1,True,True,Simulation,,17.95,Nintendo DS,2007,1,5.266666666666667
Cooking Mama: Cook Off,2,True,True,Simulation,,14.95,Nintendo Wii,2007,0,3.4
Crackdown,1,True,True,"Action,Racing / Driving,Role-Playing (RPG)",Microsoft,14.95,X360,2007,6,11.033333333333333
Cradle of Rome,1,True,True,Strategy,,17.95,Nintendo DS,2008,0,0.0
Crash of the Titans,1,True,True,Action,,17.95,Nintendo DS,2007,2,7.433333333333334
Crash: Mind over Mutant,1,True,True,Action,,17.95,Nintendo Wii,2008,1,5.833333333333333
Crazy Taxi: Fare Wars,1,True,True,"Action,Racing / Driving",Sega,17.95,Sony PSP,2007,0,0.0
CrossworDS,1,True,True,"Educational,Strategy",,17.95,Nintendo DS,2007,0,0.0
Crush,1,True,True,Action,Sega,16.95,Sony PSP,2007,1,5.5
Cube,1,True,True,Strategy,,17.95,Sony PSP,2007,0,0.0
Culdcept Saga,4,True,True,Strategy,Namco,17.95,X360,2008,0,0.0
Custom Robo Arena,1,True,True,"Action,Role-Playing (RPG)",Nintendo,17.95,Nintendo DS,2006,1,18.8
Dance Dance Revolution Hottest Party,4,True,True,Action,Konami,17.95,Nintendo Wii,2007,0,8.0
Dance Dance Revolution Universe 2,4,True,True,Action,Konami,19.95,X360,2007,0,8.0
Dark Messiah of Might and Magic: Elements,1,True,True,"Action,Role-Playing (RPG)",Ubisoft,17.95,X360,2008,17,10.7
Dark Sector,1,True,True,Action,,14.95,PlayStation 3,2008,3,8.2
Darkstalkers Chronicle: The Chaos Tower,1,True,True,Action,Capcom,14.95,Sony PSP,2004,0,1.6333333333333333
Daxter,1,True,True,Action,Sony,14.95,Sony PSP,2006,6,7.35
De Blob,4,True,True,Action,THQ,16.95,Nintendo Wii,2008,4,8.133333333333333
Dead Head Fred,1,True,True,Action,,12.95,Sony PSP,2007,0,8.0
Dead or Alive 4,4,True,True,Action,,17.95,X360,2005,4,3.7333333333333334
Dead or Alive: Xtreme 2,1,True,True,"Racing / Driving,Sports",,14.95,X360,2006,0,1.0
Dead Rising,1,True,True,Action,Capcom,16.95,X360,2006,6,11.083333333333334
Dead Space,1,True,True,Action,EA,17.95,PlayStation 3,2008,89,11.416666666666666
Dead to Rights: Reckoning,1,True,True,Action,Namco,14.95,Sony PSP,2005,1,2.15
Deal or No Deal,1,True,True,Strategy,,11.95,Nintendo DS,2007,1,0.11666666666666667
Death Jr.,1,True,True,Action,Konami,9.95,Sony PSP,2005,0,3.533333333333333
Death Jr. and the Science Fair of Doom,1,True,True,Action,Konami,12.95,Nintendo DS,2007,0,0.0
Death Jr. II: Root of Evil,2,True,True,Action,Konami,14.95,Sony PSP,2006,0,6.016666666666667
Deep Labyrinth,1,True,True,Role-Playing (RPG),,10.95,Nintendo DS,2006,0,13.566666666666666
Def Jam Fight for NY: The Takeover,1,True,True,Action,EA,17.95,Sony PSP,2006,0,5.133333333333334
Def Jam: Icon,2,True,True,Action,EA,17.95,X360,2007,0,8.0
Dementium: The Ward,1,True,True,Action,,17.95,Nintendo DS,2007,5,3.8833333333333333
Destroy All Humans! Big Willy Unleashed,2,True,True,Adventure,THQ,17.95,Nintendo Wii,2008,0,4.5
Devil May Cry 4,1,True,True,Action,Capcom,17.95,X360,2008,5,11.316666666666666
Diddy Kong Racing DS,1,True,True,"Racing / Driving,Sports",Nintendo,24.95,Nintendo DS,2007,2,10.05
Dig Dug: Digging Strike,1,True,True,Action,Namco,16.95,Nintendo DS,2005,0,0.0
Digimon World DS,1,True,True,Role-Playing (RPG),Namco,27.95,Nintendo DS,2006,1,21.183333333333334
Diner Dash,1,True,True,Action,,17.95,Nintendo DS,2007,1,4.3
DiRT,1,True,True,"Racing / Driving,Simulation,Sports",,17.95,X360,2007,3,12.9
Disgaea DS,1,True,True,"Role-Playing (RPG),Strategy",,24.95,Nintendo DS,2008,5,43.95
Disgaea: Afternoon of Darkness,1,True,True,"Role-Playing (RPG),Strategy",,17.95,Sony PSP,2007,4,45.083333333333336
Disney Pirates of the Caribbean: At World's End,1,True,True,Action,Disney,14.95,Nintendo DS,2007,1,5.8
Dissidia: Final Fantasy,1,True,True,"Action,Role-Playing (RPG)",SquareEnix,17.95,Sony PSP,2008,10,30.433333333333334
DK: Jungle Climber,1,True,True,"Action,Strategy",Nintendo,24.95,Nintendo DS,2007,0,5.15
Dokapon Kingdom,1,True,True,"Role-Playing (RPG),Strategy",,17.95,Nintendo Wii,2008,0,24.533333333333335
Don King Presents: Prizefighter,2,True,True,Sports,2K,14.95,X360,2008,0,0.0
Donkey Kong Barrel Blast,4,True,True,Racing / Driving,Nintendo,29.95,Nintendo Wii,2007,0,0.0
Draglade,1,True,True,Action,,16.95,Nintendo DS,2007,0,4.033333333333333
Dragon Ball Z: Budokai Tenkaichi 2,2,True,True,Action,Atari,14.95,Nintendo Wii,2006,5,11.283333333333333
Dragon Ball Z: Budokai Tenkaichi 3,2,True,True,Action,Atari,17.95,Nintendo Wii,2007,7,13.45
Dragon Ball Z: Burst Limit,2,True,True,Action,"Atari,Namco",17.95,X360,2008,0,5.5
Dragon Ball Z: Harukanaru Densetsu,1,True,True,Strategy,Atari,14.95,Nintendo DS,2007,0,0.0
Dragon Ball Z: Shin Budokai - Another Road,1,True,True,Action,"Atari,Namco",16.95,Sony PSP,2007,1,8.533333333333333
Dragon Ball Z: Supersonic Warriors 2,1,True,True,Action,Atari,22.95,Nintendo DS,2005,7,14.966666666666667
Dragon Ball: Origins,1,True,True,"Action,Adventure",Atari,15.95,Nintendo DS,2008,0,10.516666666666667
Dragon Quest Heroes: Rocket Slime,1,True,True,Action,SquareEnix,12.95,Nintendo DS,2005,5,12.583333333333334
Dragon Quest IV: Chapters of the Chosen,1,True,True,Role-Playing (RPG),SquareEnix,24.95,Nintendo DS,2007,15,27.566666666666666
Dragon Quest Monsters: Joker,1,True,True,Role-Playing (RPG),SquareEnix,14.95,Nintendo DS,2006,2,34.9
Dragon Quest Swords: The Masked Queen and the T...,1,True,True,Action,SquareEnix,16.95,Nintendo Wii,2007,1,8.683333333333334
Dragon Quest V: Hand of the Heavenly Bride,1,True,True,Role-Playing (RPG),SquareEnix,29.95,Nintendo DS,2008,5,30.65
Dragoneer's Aria,1,True,True,Role-Playing (RPG),,24.95,Sony PSP,2007,0,37.63333333333333
Drawn to Life,1,True,True,Action,THQ,17.95,Nintendo DS,2007,1,14.366666666666667
Dream Pinball 3D,4,True,True,Simulation,,16.95,Nintendo Wii,2008,0,0.0
Driver: Parallel Lines,1,True,True,"Action,Racing / Driving",Ubisoft,24.95,Nintendo Wii,2007,0,10.55
Dungeon Explorer: Warriors of Ancient Arts,1,True,True,"Action,Role-Playing (RPG)",,17.95,Nintendo DS,2008,0,12.583333333333334
Dungeon Maker: Hunting Ground,1,True,True,"Action,Role-Playing (RPG)",,14.95,Sony PSP,2006,0,0.0
Dungeon Siege: Throne of Agony,1,True,True,Role-Playing (RPG),2K,24.95,Sony PSP,2006,1,17.216666666666665
Dynasty Warriors,1,True,True,"Action,Adventure,Role-Playing (RPG)",,14.95,Sony PSP,2004,0,8.883333333333333
Dynasty Warriors 5: Empires,2,True,True,"Action,Role-Playing (RPG),Strategy",,14.95,X360,2006,7,14.216666666666667
Dynasty Warriors 6,2,True,True,"Action,Strategy",,24.95,PlayStation 3,2008,0,15.5
Dynasty Warriors DS: Fighter's Battle,1,True,True,"Action,Strategy",,14.95,Nintendo DS,2007,0,0.0
Dynasty Warriors: Gundam,2,True,True,Action,Namco,22.95,PlayStation 3,2007,6,31.466666666666665
EA Playground,4,True,True,"Action,Racing / Driving,Sports",EA,17.95,Nintendo Wii,2007,0,0.0
EA Replay,4,True,True,"Action,Role-Playing (RPG),Simulation,Sports,Strategy",EA,14.95,Sony PSP,2006,0,0.0
Earth Defense Force 2017,2,True,True,Action,,17.95,X360,2006,2,9.85
Elebits,4,True,True,Action,Konami,14.95,Nintendo Wii,2006,0,8.016666666666667
Electroplankton,1,True,True,Simulation,Nintendo,29.95,Nintendo DS,2005,1,0.4166666666666667
Elite Beat Agents,1,True,True,Action,Nintendo,9.95,Nintendo DS,2006,11,4.15
Enchanted Arms,1,True,True,Role-Playing (RPG),Ubisoft,17.95,X360,2006,22,22.483333333333334
Endless Ocean,1,True,True,Simulation,Nintendo,24.95,Nintendo Wii,2007,0,0.0
Enemy Territory: Quake Wars,1,True,True,Action,Activision,14.95,X360,2008,0,11.116666666666667
Eragon,1,True,True,"Action,Role-Playing (RPG)",,16.95,Nintendo DS,2006,6,5.433333333333334
Escape from Bug Island,1,True,True,Action,Eidos,14.95,Nintendo Wii,2007,0,5.683333333333334
Eternal Sonata,1,True,True,Role-Playing (RPG),Namco,27.95,X360,2007,14,29.133333333333333
Etrian Odyssey,1,True,True,Role-Playing (RPG),Nintendo,24.95,Nintendo DS,2007,4,51.0
Etrian Odyssey II: Heroes of Lagaard,1,True,True,Role-Playing (RPG),,24.95,Nintendo DS,2008,1,49.7
Every Extend Extra,1,True,True,Action,,11.95,Sony PSP,2006,0,12.0
Excite Truck,2,True,True,Racing / Driving,Nintendo,19.95,Nintendo Wii,2006,3,7.0
Exit,1,True,True,Action,Ubisoft,9.95,Sony PSP,2005,0,6.0
F.E.A.R. Files,1,True,True,Action,,17.95,X360,2007,0,10.5
F.E.A.R.: First Encounter Assault Recon,1,True,True,Action,,17.95,X360,2006,62,8.583333333333334
Fable II,1,True,True,Role-Playing (RPG),Microsoft,17.95,X360,2008,28,12.816666666666666
Facebreaker,2,True,True,Sports,EA,12.95,X360,2008,0,0.0
Fading Shadows,1,True,True,"Action,Adventure",,17.95,Sony PSP,2008,0,0.0
Fallout 3,1,True,True,"Action,Role-Playing (RPG)",,17.95,X360,2008,146,24.55
Family Guy Video Game!,1,True,True,Action,2K,19.95,Sony PSP,2006,0,6.1
Fantastic Four: Rise of the Silver Surfer,4,True,True,Action,2K,14.95,PlayStation 3,2007,0,5.566666666666666
Far Cry 2,1,True,True,Action,Ubisoft,19.95,X360,2008,32,17.316666666666666
Far Cry: Instincts - Predator,4,True,True,Action,Ubisoft,17.95,X360,2006,1,15.733333333333333
Far Cry: Vengeance,2,True,True,Action,Ubisoft,16.95,Nintendo Wii,2006,0,0.0
Feel the Magic XY/XX,1,True,True,"Action,Adventure,Racing / Driving,Sports",Sega,8.95,Nintendo DS,2004,0,2.85
Ferrari Challenge Trofeo Pirelli,1,True,True,Racing / Driving,,17.95,PlayStation 3,2008,1,16.0
Field Commander,2,True,True,Strategy,"Sony,Ubisoft",14.95,Sony PSP,2006,0,13.883333333333333
FIFA Soccer,1,True,True,Sports,EA,14.95,Sony PSP,2005,0,0.0
FIFA Street 2,1,True,True,Sports,EA,17.95,Sony PSP,2006,3,19.5
FIFA Street 3,4,True,True,Sports,EA,14.95,X360,2008,0,5.0
Fight Night Round 3,2,True,True,"Action,Sports",EA,14.95,X360,2006,6,11.033333333333333
Final Fantasy,1,True,True,Role-Playing (RPG),SquareEnix,17.95,Sony PSP,2007,39,17.716666666666665
Final Fantasy Fables: Chocobo Tales,1,True,True,Action,SquareEnix,17.95,Nintendo DS,2007,7,9.45
Final Fantasy Fables: Chocobo's Dungeon,1,True,True,"Action,Role-Playing (RPG)",SquareEnix,17.95,Nintendo Wii,2008,2,22.133333333333333
Final Fantasy II,1,True,True,Role-Playing (RPG),SquareEnix,17.95,Sony PSP,2007,19,25.266666666666666
Final Fantasy III,1,True,True,Role-Playing (RPG),SquareEnix,17.95,Nintendo DS,2006,130,27.716666666666665
Final Fantasy IV,1,True,True,Role-Playing (RPG),SquareEnix,17.95,Nintendo DS,2007,16,31.55
Final Fantasy Tactics,1,True,True,"Role-Playing (RPG),Strategy",SquareEnix,17.95,Sony PSP,2007,21,38.483333333333334
Final Fantasy Tactics A2: Grimoire of the Rift,1,True,True,"Role-Playing (RPG),Strategy",SquareEnix,17.95,Nintendo DS,2007,14,46.36666666666667
Final Fantasy XI Online,1,True,True,"Action,Role-Playing (RPG)",SquareEnix,4.95,X360,2006,0,0.0
Final Fantasy XII: Revenant Wings,1,True,True,"Role-Playing (RPG),Strategy",SquareEnix,19.95,Nintendo DS,2007,10,29.366666666666667
Final Fantasy: Crystal Chronicles - Echoes of Time,1,True,True,Action,SquareEnix,24.95,Nintendo DS,2007,1,15.616666666666667
Fire Emblem: Radiant Dawn,1,True,True,"Role-Playing (RPG),Strategy",Nintendo,34.95,Nintendo Wii,2007,7,43.0
Fire Emblem: Shadow Dragon,1,True,True,"Role-Playing (RPG),Strategy",Nintendo,19.95,Nintendo DS,2008,6,20.75
Flash Focus: Vision Training in Minutes a Day,1,True,True,Action,Nintendo,17.95,Nintendo DS,2007,0,6.0
FlatOut: Head On,1,True,True,"Racing / Driving,Sports",,9.95,Sony PSP,2008,2,17.25
FlatOut: Ultimate Carnage,1,True,True,Racing / Driving,,16.95,X360,2007,2,17.25
"Flower, Sun and Rain",1,True,True,Adventure,,23.95,Nintendo DS,2008,1,11.916666666666666
Folklore,1,True,True,"Action,Role-Playing (RPG)",Sony,24.95,PlayStation 3,2007,2,14.866666666666667
Ford Bold Moves Street Racing,1,True,True,Racing / Driving,Eidos,17.95,Sony PSP,2006,0,0.0
Ford Racing 3,1,True,True,"Action,Racing / Driving",,14.95,Nintendo DS,2005,4,3.3333333333333335
Ford Racing Off Road,1,True,True,Racing / Driving,,12.95,Sony PSP,2008,0,0.0
Forza Motorsport 2,2,True,True,Racing / Driving,Microsoft,12.95,X360,2007,4,54.06666666666667
Fracture,1,True,True,Action,,14.95,X360,2008,0,7.016666666666667
Frogger: Helmet Chaos,1,True,True,Action,Konami,19.95,Sony PSP,2005,0,0.0
From the Abyss,1,True,True,"Action,Role-Playing (RPG)",,19.95,Nintendo DS,2008,1,6.083333333333333
Front Mission,1,True,True,Strategy,SquareEnix,17.95,Nintendo DS,2007,0,20.866666666666667
Frontlines: Fuel of War,1,True,True,Action,THQ,14.95,X360,2008,0,5.5
Full Auto,2,True,True,"Action,Racing / Driving",Sega,16.95,X360,2006,0,5.0
Full Auto 2: Battlelines,2,True,True,"Action,Racing / Driving",Sega,14.95,PlayStation 3,2006,1,8.75
Fullmetal Alchemist: Dual Sympathy,1,True,True,Action,,14.95,Nintendo DS,2005,0,14.0
Fuzion Frenzy 2,4,True,True,"Action,Sports",Microsoft,14.95,X360,2006,1,1.75
Game Party,4,True,True,Action,Midway,14.95,Nintendo Wii,2007,1,0.0
Gears of War,2,True,True,Action,Microsoft,19.95,X360,2006,15,9.183333333333334
Gears of War 2,2,True,True,Action,Microsoft,24.95,X360,2008,5,10.083333333333334
Genji: Days of the Blade,1,True,True,"Action,Role-Playing (RPG)",Sony,14.95,PlayStation 3,2006,0,13.333333333333334
Geometry Wars: Galaxies,1,True,True,Action,,14.95,Nintendo DS,2007,0,10.0
Ghost in the Shell: Stand Alone Complex,1,True,True,Action,Sony,14.95,Sony PSP,2005,0,0.0
Ghost Rider,4,True,True,Action,2K,16.95,Sony PSP,2007,1,5.15
Gitaroo Man Lives!,1,True,True,Simulation,,22.95,Sony PSP,2006,0,2.3333333333333335
God of War: Chains of Olympus,1,True,True,Action,Sony,17.95,Sony PSP,2008,39,5.416666666666667
Godzilla Unleashed: Double Smash,1,True,True,Action,Atari,17.95,Nintendo DS,2007,0,0.0
Godzilla: Unleashed,1,True,True,Action,Atari,24.95,Nintendo Wii,2007,0,0.0
Golden Axe,2,True,True,Action,Sega,14.95,X360,2007,9,1.15
GoldenEye: Rogue Agent,1,True,True,Action,EA,14.95,Nintendo DS,2005,0,9.416666666666666
Gradius Collection,1,True,True,Action,Konami,17.95,Sony PSP,2006,0,10.0
Gran Turismo 5: Prologue,2,True,True,"Racing / Driving,Simulation",Sony,24.95,PlayStation 3,2007,0,10.55
Grand Theft Auto IV,1,True,True,"Action,Racing / Driving",Rockstar,24.95,X360,2008,73,28.25
Grand Theft Auto: Liberty City Stories,1,True,True,"Action,Racing / Driving","Capcom,Rockstar",17.95,Sony PSP,2005,7,14.216666666666667
Grand Theft Auto: Vice City Stories,1,True,True,"Action,Racing / Driving",Rockstar,17.95,Sony PSP,2006,4,16.65
Gretzky NHL,2,True,True,Sports,Sony,9.95,Sony PSP,2005,0,0.0
GRID,1,True,True,"Racing / Driving,Simulation,Sports",,19.95,X360,2008,21,20.616666666666667
GripShift,1,True,True,Racing / Driving,Ubisoft,9.95,Sony PSP,2005,0,0.0
Guilty Gear XX ? Core,2,True,True,Action,,24.95,Nintendo Wii,2007,0,2.0
Guilty Gear: Dust Strikers,1,True,True,Action,,14.95,Nintendo DS,2006,0,0.31666666666666665
Guitar Hero II,2,True,True,"Action,Simulation",Activision,17.95,X360,2007,2,8.9
Guitar Hero III: Legends of Rock,2,True,True,"Action,Simulation",Activision,12.95,X360,2007,5,8.216666666666667
Guitar Hero: Aerosmith,1,True,True,"Action,Simulation",Activision,14.95,Nintendo Wii,2008,1,4.716666666666667
Guitar Hero: On Tour,1,True,True,"Action,Simulation",Activision,14.95,Nintendo DS,2008,1,0.0
Guitar Hero: On Tour - Decades,1,True,True,"Action,Simulation",Activision,17.95,Nintendo DS,2008,1,1.8333333333333335
Guitar Hero: World Tour,4,True,True,"Action,Simulation",Activision,17.95,Nintendo Wii,2008,4,8.233333333333333
Guitar Rock Tour,1,True,True,Simulation,,13.95,Nintendo DS,2008,0,0.0
GUN ,1,True,True,"Action,Racing / Driving,Role-Playing (RPG)",Activision,19.95,X360,2005,19,6.3
Gunpey DS,1,True,True,Strategy,Namco,12.95,Nintendo DS,2006,1,0.0
Gurumin: A Monstrous Adventure,1,True,True,Action,,13.95,Sony PSP,2006,1,9.316666666666666
Hail to the Chimp,4,True,True,"Action,Strategy",,16.95,X360,2008,0,0.0
Halo 3,4,True,True,Action,Microsoft,24.95,X360,2007,27,8.866666666666667
Happy Feet,2,True,True,Action,Midway,14.95,Nintendo Wii,2006,0,0.6666666666666666
Harry Potter and the Goblet of Fire,1,True,True,Action,EA,17.95,Nintendo DS,2005,4,7.2
Harry Potter and the Order of the Phoenix,1,True,True,Action,EA,24.95,Nintendo Wii,2007,10,10.533333333333333
Harvest Moon DS,1,True,True,"Role-Playing (RPG),Simulation",,17.95,Nintendo DS,2006,1,44.06666666666667
Harvest Moon: Island of Happiness,1,True,True,"Simulation,Strategy",,24.95,Nintendo DS,2008,0,0.0
Harvest Moon: Magical Melody,4,True,True,"Role-Playing (RPG),Simulation",,23.95,Nintendo Wii,2008,0,29.183333333333334
Harvest Moon: Tree of Tranquility,1,True,True,"Role-Playing (RPG),Simulation",,34.95,Nintendo Wii,2008,0,41.083333333333336
Harvey Birdman: Attorney at Law,1,True,True,Adventure,Capcom,14.95,Nintendo Wii,2008,1,3.85
Haze,2,True,True,Action,Ubisoft,12.95,PlayStation 3,2008,1,6.866666666666667
Heatseeker,1,True,True,Action,,17.95,Nintendo Wii,2007,0,9.75
Heavenly Sword,1,True,True,Action,Sony,24.95,PlayStation 3,2007,1,6.966666666666667
Hellboy: The Science of Evil,2,True,True,"Action,Adventure",Konami,16.95,PlayStation 3,2008,0,0.0
Heroes of Mana,1,True,True,Strategy,SquareEnix,24.95,Nintendo DS,2007,1,17.033333333333335
Hitman: Blood Money,1,True,True,Action,Eidos,22.95,X360,2006,23,11.816666666666666
Hot Pixel,1,True,True,Action,Atari,8.95,Sony PSP,2007,0,0.45
Hot Shots Golf: Open Tee,1,True,True,Sports,Sony,12.95,Sony PSP,2004,0,0.0
Hot Shots Golf: Open Tee 2,1,True,True,Sports,Sony,14.95,Sony PSP,2008,0,0.0
Hot Shots Golf: Out of Bounds,4,True,True,Sports,Sony,34.95,PlayStation 3,2008,0,0.0
Hot Wheels: Beat That!,1,True,True,"Action,Racing / Driving",Activision,19.95,X360,2007,0,0.0
Hotel Dusk: Room 215,1,True,True,Adventure,Nintendo,14.95,Nintendo DS,2007,17,15.15
Hour of Victory,1,True,True,Action,Midway,12.95,X360,2007,0,5.85
Ice Age 2: The Meltdown,1,True,True,Action,,17.95,Nintendo Wii,2006,0,5.0
Import Tuner Challenge,2,True,True,Racing / Driving,Ubisoft,17.95,X360,2006,1,25.0
Indianapolis 500 Legends,1,True,True,Racing / Driving,,16.95,Nintendo DS,2007,1,0.0
Infected,1,True,True,Action,,17.95,Sony PSP,2005,0,6.666666666666667
Infinite Undiscovery,1,True,True,"Action,Role-Playing (RPG)",SquareEnix,17.95,X360,2008,2,24.433333333333334
Innocent Life: A Futuristic Harvest Moon,1,True,True,"Role-Playing (RPG),Simulation,Strategy",,17.95,Sony PSP,2006,0,0.0
Insecticide,1,True,True,"Action,Adventure",,12.95,Nintendo DS,2008,0,3.7
InuYasha: Secret of the Divine Jewel,1,True,True,Role-Playing (RPG),Namco,24.95,Nintendo DS,2007,0,0.0
Iron Man,1,True,True,Action,Sega,16.95,Sony PSP,2008,3,4.333333333333333
Izuna 2: The Unemployed Ninja Returns,1,True,True,Role-Playing (RPG),,17.95,Nintendo DS,2008,0,13.25
Jackass: The Game,1,True,True,Action,,17.95,Sony PSP,2007,0,0.0
Jam Sessions,1,True,True,"Educational,Simulation",Ubisoft,8.95,Nintendo DS,2007,0,0.25
Jeanne d'Arc,1,True,True,"Role-Playing (RPG),Strategy",Sony,19.95,Sony PSP,2007,2,31.6
Juiced 2: Hot Import Nights,2,True,True,Racing / Driving,THQ,14.95,X360,2007,0,15.5
Just Cause,1,True,True,"Action,Racing / Driving",Eidos,16.95,X360,2006,15,8.6
Justice League Heroes,1,True,True,Action,,17.95,Sony PSP,2006,1,5.0
Kameo: Elements of Power,1,True,True,Action,Microsoft,11.95,X360,2005,1,9.25
Kane & Lynch: Dead Men,2,True,True,Action,Eidos,14.95,X360,2007,4,5.6
Killzone: Liberation,1,True,True,"Action,Strategy",Sony,16.95,Sony PSP,2006,2,7.583333333333333
King of Clubs,1,True,True,Sports,,14.95,Nintendo Wii,2007,0,0.0
Kingdom of Paradise,2,True,True,"Action,Role-Playing (RPG)",Sony,12.95,Sony PSP,2005,0,0.0
Kingdom Under Fire: Circle of Doom,1,True,True,"Action,Role-Playing (RPG)",Microsoft,14.95,X360,2007,3,9.0
Kirby Super Star Ultra,1,True,True,Action,Nintendo,24.95,Nintendo DS,2008,9,5.116666666666666
Kirby: Canvas Curse,1,True,True,Action,Nintendo,17.95,Nintendo DS,2005,6,5.033333333333333
Kirby: Squeak Squad,1,True,True,Action,Nintendo,27.95,Nintendo DS,2006,22,4.216666666666667
Klonoa: Door to Phantomile,1,True,True,Action,Namco,17.95,Nintendo Wii,2008,4,4.366666666666666
Knights in the Nightmare,1,True,True,"Role-Playing (RPG),Strategy",,29.95,Nintendo DS,2008,0,26.566666666666666
Kororinpa: Marble Mania,2,True,True,"Action,Strategy",Nintendo,17.95,Nintendo Wii,2006,0,0.0
Kung Fu Panda,4,True,True,Action,Activision,9.95,X360,2008,6,4.683333333333334
Lair,1,True,True,Action,Sony,19.95,PlayStation 3,2007,0,8.866666666666667
Lara Croft Tomb Raider: Legend,1,True,True,"Action,Racing / Driving",Eidos,17.95,Nintendo DS,2006,26,7.766666666666667
Left 4 Dead,2,True,True,Action,,19.95,X360,2008,12,6.883333333333333
Legendary,1,True,True,Action,Atari,17.95,X360,2008,5,5.283333333333333
LEGO Batman: The Videogame,2,True,True,Action,,14.95,X360,2008,35,9.833333333333334
LEGO Indiana Jones: The Original Adventures,2,True,True,Action,,9.95,X360,2008,31,9.7
LEGO Star Wars II: The Original Trilogy,1,True,True,Action,EA,17.95,Nintendo DS,2006,14,11.25
LEGO Star Wars: The Complete Saga,2,True,True,Action,,17.95,Nintendo Wii,2007,31,14.666666666666666
Lemmings,1,True,True,Strategy,Sony,17.95,Sony PSP,2006,1,20.466666666666665
Let's Tap,1,True,True,Simulation,Sega,17.95,Nintendo Wii,2008,0,0.0
LifeSigns: Surgical Unit,1,True,True,"Simulation,Strategy",,22.95,Nintendo DS,2005,1,0.0
Line Rider 2: Unbound,1,True,True,"Simulation,Sports",,8.95,Nintendo DS,2008,0,0.0
Link's Crossbow Training,1,True,True,Action,Nintendo,14.95,Nintendo Wii,2007,4,1.4833333333333334
LittleBigPlanet,4,True,True,Action,Sony,24.95,PlayStation 3,2008,7,9.4
Lock's Quest,1,True,True,"Action,Adventure,Strategy",THQ,14.95,Nintendo DS,2008,0,14.883333333333333
LocoRoco,1,True,True,"Action,Strategy",Sony,17.95,Sony PSP,2006,1,5.4
LocoRoco 2,1,True,True,"Action,Strategy",Sony,11.95,Sony PSP,2008,2,6.95
Looney Tunes: Acme Arsenal,1,True,True,Action,,14.95,Nintendo Wii,2007,0,3.8333333333333335
Looney Tunes: Cartoon Conductor,1,True,True,Action,Eidos,13.95,Nintendo DS,2008,1,4.0
Lost in Blue,1,True,True,Role-Playing (RPG),Konami,24.95,Nintendo DS,2005,2,0.0
Lost in Blue 2,1,True,True,Role-Playing (RPG),Konami,17.95,Nintendo DS,2007,0,0.0
Lost in Blue 3,1,True,True,Role-Playing (RPG),Konami,17.95,Nintendo DS,2008,0,0.0
Lost Odyssey,1,True,True,Role-Playing (RPG),Microsoft,19.95,X360,2007,19,50.11666666666667
Lost Planet: Extreme Condition,1,True,True,Action,Capcom,12.95,X360,2006,3,8.566666666666666
Lost: Via Domus,1,True,True,"Action,Adventure",Ubisoft,16.95,PlayStation 3,2008,12,5.35
LostMagic,1,True,True,"Action,Role-Playing (RPG)",Ubisoft,14.95,Nintendo DS,2006,3,13.0
Lumines II,2,True,True,Strategy,,14.95,Sony PSP,2006,0,15.0
Lumines: Puzzle Fusion,1,True,True,Strategy,Ubisoft,14.95,Sony PSP,2004,0,10.333333333333334
Luminous Arc,1,True,True,"Role-Playing (RPG),Strategy",,24.95,Nintendo DS,2007,5,22.916666666666668
Lunar Knights,1,True,True,Action,Konami,16.95,Nintendo DS,2007,2,11.883333333333333
Lunar: Dragon Song,1,True,True,Role-Playing (RPG),Ubisoft,14.95,Nintendo DS,2005,4,20.316666666666666
Madagascar,1,True,True,Adventure,Activision,14.95,Nintendo DS,2005,0,5.283333333333333
Madagascar: Escape 2 Africa,1,True,True,"Action,Adventure",Activision,17.95,Nintendo DS,2008,0,6.0
Madden NFL 06,1,True,True,Sports,EA,7.95,Sony PSP,2005,2,0.0
Madden NFL 07,2,True,True,Sports,EA,4.95,X360,2006,0,0.0
Madden NFL 08,4,True,True,Sports,EA,9.95,X360,2007,1,17.0
Madden NFL 09,4,True,True,Sports,EA,14.95,X360,2008,3,10.0
Madden NFL 2005,1,True,True,Sports,EA,8.95,Nintendo DS,2004,0,0.0
Magical Starsign,1,True,True,Role-Playing (RPG),Nintendo,9.95,Nintendo DS,2006,1,27.216666666666665
Magnetica,1,True,True,"Action,Strategy",Nintendo,17.95,Nintendo DS,2006,0,9.933333333333334
Major League Baseball 2K6,2,True,True,Sports,2K,4.95,X360,2006,3,0.0
Major League Baseball 2K7,2,True,True,Sports,2K,9.95,X360,2007,0,0.0
Major League Baseball 2K9,1,True,True,Sports,2K,14.95,X360,2008,0,0.0
Manhunt 2,1,True,True,Action,Rockstar,19.95,Nintendo Wii,2007,2,8.9
Mario & Luigi: Partners in Time,1,True,True,"Action,Role-Playing (RPG)",Nintendo,29.95,Nintendo DS,2005,7,18.15
Mario & Sonic at the Olympic Games,4,True,True,"Action,Sports","Nintendo,Sega",29.95,Nintendo Wii,2007,2,7.0
Mario Hoops 3 on 3,1,True,True,Sports,Nintendo,22.95,Nintendo DS,2006,0,3.5
Mario Kart DS,1,True,True,Racing / Driving,Nintendo,29.95,Nintendo DS,2005,32,4.783333333333333
Mario Kart Wii,4,True,True,Racing / Driving,Nintendo,29.95,Nintendo Wii,2008,29,5.7
Mario Party 8,4,True,True,"Action,Strategy",Nintendo,39.95,Nintendo Wii,2007,3,4.216666666666667
Mario Party DS,1,True,True,"Action,Strategy",Nintendo,27.95,Nintendo DS,2007,1,7.966666666666667
Mario Strikers Charged,4,True,True,"Action,Sports",Nintendo,29.95,Nintendo Wii,2007,0,11.133333333333333
Mario vs. Donkey Kong 2: March of the Minis,1,True,True,Action,Nintendo,27.95,Nintendo DS,2006,0,3.8833333333333333
Marvel Nemesis: Rise of the Imperfects ,1,True,True,Action,EA,17.95,Sony PSP,2005,0,4.366666666666666
Marvel Trading Card Game,1,True,True,Strategy,Konami,16.95,Nintendo DS,2007,0,0.0
Marvel Ultimate Alliance,4,True,True,"Action,Role-Playing (RPG)",Activision,14.95,X360,2006,3,12.866666666666667
Mass Effect,1,True,True,"Action,Role-Playing (RPG)",Microsoft,17.95,X360,2007,379,17.383333333333333
Master of Illusion,1,True,True,Strategy,Nintendo,14.95,Nintendo DS,2006,2,0.0
Master of the Monster Lair,1,True,True,Role-Playing (RPG),,14.95,Nintendo DS,2008,0,0.0
MechAssault: Phantom War,1,True,True,Action,,12.95,Nintendo DS,2006,0,7.5
Medal of Honor: Airborne,2,True,True,Action,EA,17.95,X360,2007,3,5.8
Medal of Honor: Heroes,1,True,True,Action,EA,14.95,Sony PSP,2006,0,4.95
Medal of Honor: Heroes 2,1,True,True,Action,EA,17.95,Sony PSP,2007,0,4.95
Medal of Honor: Vanguard,1,True,True,Action,EA,17.95,Nintendo Wii,2007,0,3.55
MediEvil Resurrection,1,True,True,Action,Sony,17.95,Sony PSP,2005,3,9.966666666666667
Mega Man Battle Network 5: Double Team DS,1,True,True,"Action,Role-Playing (RPG)",Capcom,17.95,Nintendo DS,2005,3,29.916666666666668
Mega Man Maverick Hunter X,1,True,True,Action,Capcom,17.95,Sony PSP,2005,5,4.066666666666666
Mega Man Powered Up,1,True,True,Action,Capcom,16.95,Sony PSP,2006,0,2.783333333333333
Mega Man Star Force 2: Zerker X Ninja,1,True,True,"Action,Role-Playing (RPG)",Capcom,17.95,Nintendo DS,2008,1,17.283333333333335
Mega Man Star Force: Dragon,1,True,True,"Action,Role-Playing (RPG)",Capcom,27.95,Nintendo DS,2007,2,16.95
Mega Man ZX,1,True,True,Action,Capcom,19.95,Nintendo DS,2006,2,8.883333333333333
Mega Man ZX Advent,1,True,True,Action,Capcom,17.95,Nintendo DS,2007,2,7.0
Mercenaries 2: World in Flames,1,True,True,Action,EA,14.95,X360,2008,3,16.95
Mercury Meltdown,1,True,True,Strategy,,12.95,Sony PSP,2006,0,0.0
Metal Gear Ac!d,1,True,True,Strategy,Konami,17.95,Sony PSP,2004,1,20.7
Metal Gear Ac!d 2,1,True,True,Strategy,Konami,12.95,Sony PSP,2005,0,13.45
Metal Gear Solid 4: Guns of the Patriots,1,True,True,Action,Konami,22.95,PlayStation 3,2008,25,18.683333333333334
Metal Gear Solid: Digital Graphic Novel,1,True,True,Adventure,Konami,17.95,Sony PSP,2006,1,3.25
Metal Gear Solid: Portable Ops,1,True,True,"Action,Strategy",Konami,17.95,Sony PSP,2006,1,11.683333333333334
Metal Slug 7,1,True,True,Action,,17.95,Nintendo DS,2008,0,1.2666666666666666
Metal Slug Anthology,4,True,True,Action,,16.95,Nintendo Wii,2006,2,6.666666666666667
Meteos,1,True,True,Strategy,Nintendo,15.95,Nintendo DS,2005,2,8.516666666666667
Meteos: Disney Magic,1,True,True,Strategy,Disney,12.95,Nintendo DS,2007,0,0.0
Metroid Prime 3: Corruption,1,True,True,Action,Nintendo,19.95,Nintendo Wii,2007,27,13.9
Metroid Prime Pinball,1,True,True,"Action,Simulation",Nintendo,17.95,Nintendo DS,2005,3,2.6833333333333336
Metroid Prime: Hunters,1,True,True,Action,Nintendo,27.95,Nintendo DS,2006,2,8.8
Micro Machines V4,2,True,True,"Action,Racing / Driving",,17.95,Sony PSP,2006,0,0.0
Midnight Club 3: DUB Edition,1,True,True,Racing / Driving,Rockstar,14.95,Sony PSP,2005,4,19.166666666666668
Midnight Club: Los Angeles,1,True,True,Racing / Driving,Rockstar,22.95,X360,2008,1,23.1
Mirror's Edge,1,True,True,Action,EA,14.95,X360,2008,49,6.316666666666666
MLB 06: The Show,2,True,True,Sports,Sony,9.95,Sony PSP,2006,0,0.0
MLB 07: The Show,2,True,True,Sports,Sony,9.95,PlayStation 3,2007,0,0.0
MLB 08: The Show,2,True,True,Sports,Sony,12.95,PlayStation 3,2008,0,10.0
MLB Power Pros 2008,2,True,True,Sports,2K,22.95,Nintendo Wii,2008,0,0.0
Monster 4x4: World Circuit,4,True,True,Racing / Driving,Ubisoft,12.95,Nintendo Wii,2006,0,0.0
Monster House,1,True,True,Action,THQ,14.95,Nintendo DS,2006,1,0.0
Monster Hunter Freedom,1,True,True,"Action,Strategy",Capcom,12.95,Sony PSP,2006,2,60.0
Monster Hunter Freedom 2,1,True,True,"Action,Strategy",Capcom,12.95,Sony PSP,2007,1,38.0
Monster Jam,4,True,True,Sports,Activision,17.95,X360,2007,0,0.0
Monster Madness: Battle for Suburbia,4,True,True,Action,,14.95,X360,2007,0,0.0
Mortal Kombat vs. DC Universe,2,True,True,Action,Midway,24.95,PlayStation 3,2008,0,3.45
Mortal Kombat: Armageddon,4,True,True,"Action,Racing / Driving",Midway,24.95,Nintendo Wii,2007,2,8.6
Mortal Kombat: Unchained,2,True,True,Action,Midway,17.95,Sony PSP,2006,1,3.066666666666667
MotoGP,1,True,True,"Racing / Driving,Sports",Sony,32.95,Sony PSP,2006,0,7.5
MotoGP '06,4,True,True,"Racing / Driving,Simulation,Sports",THQ,14.95,X360,2006,0,0.0
MotoGP 08,1,True,True,"Racing / Driving,Simulation,Sports",,16.95,X360,2008,0,0.0
MotorStorm,1,True,True,"Action,Racing / Driving,Sports",Sony,16.95,PlayStation 3,2006,5,13.85
MotorStorm: Pacific Rift,4,True,True,"Action,Racing / Driving,Sports",Sony,29.95,PlayStation 3,2008,1,24.433333333333334
Mr. DRILLER: Drill Spirits,1,True,True,Action,Namco,14.95,Nintendo DS,2004,0,9.883333333333333
MTX Mototrax,1,True,True,"Racing / Driving,Sports",Activision,19.95,Sony PSP,2006,0,0.0
Mushroom Men: The Spore Wars,2,True,True,Action,,17.95,Nintendo Wii,2008,0,3.0
MVP Baseball,1,True,True,Sports,EA,4.95,Sony PSP,2005,0,0.0
MX vs. ATV Untamed,2,True,True,Racing / Driving,THQ,17.95,X360,2007,0,12.0
My Word Coach,1,True,True,Educational,Ubisoft,15.95,Nintendo DS,2007,0,0.0
MySims,1,True,True,"Simulation,Strategy",EA,17.95,Nintendo Wii,2007,0,7.183333333333334
Myst,1,True,True,Adventure,Midway,24.95,Nintendo DS,2007,6,7.066666666666666
Mystery Case Files: MillionHeir,1,True,True,Adventure,Nintendo,17.95,Nintendo DS,2008,0,8.283333333333333
Mystery Dungeon: Shiren the Wanderer,1,True,True,"Action,Role-Playing (RPG)",Sega,17.95,Nintendo DS,2006,1,22.0
N+,1,True,True,Action,Atari,14.95,Nintendo DS,2008,1,17.0
Namco Museum DS,1,True,True,Action,Namco,17.95,Nintendo DS,2007,0,10.0
Namco Museum: Virtual Arcade,1,True,True,"Action,Racing / Driving",Namco,17.95,X360,2008,0,0.0
Nanostray,1,True,True,Action,THQ,17.95,Nintendo DS,2005,0,1.4333333333333333
Nanostray 2,1,True,True,Action,,12.95,Nintendo DS,2008,0,3.0
NASCAR 07,1,True,True,"Racing / Driving,Simulation",EA,24.95,Sony PSP,2006,0,0.0
NASCAR 08,1,True,True,"Racing / Driving,Sports",EA,12.95,X360,2007,0,0.0
NASCAR 09,1,True,True,"Racing / Driving,Sports",EA,19.95,X360,2008,0,0.0
NBA 06,1,True,True,Sports,Sony,9.95,Sony PSP,2005,0,4.0
NBA 07,4,True,True,Sports,Sony,6.95,PlayStation 3,2006,0,0.0
NBA 08,4,True,True,Sports,Sony,9.95,PlayStation 3,2007,0,0.0
NBA 09: The Inside,4,True,True,Sports,Sony,14.95,PlayStation 3,2008,0,0.0
NBA 2K6 ,1,True,True,Sports,2K,4.95,X360,2005,3,0.0
NBA 2K7,7,True,True,Sports,2K,7.95,PlayStation 3,2006,0,8.183333333333334
NBA 2K7 ,1,True,True,Sports,2K,4.95,X360,2006,0,8.183333333333334
NBA 2K8,7,True,True,Sports,2K,9.95,PlayStation 3,2007,0,4.0
NBA 2K8 ,1,True,True,Sports,2K,9.95,X360,2007,0,4.0
NBA 2K9,7,True,True,Sports,2K,14.95,PlayStation 3,2008,0,0.0
NBA 2K9 ,1,True,True,Sports,2K,12.95,X360,2008,0,0.0
NBA Ballers: Chosen One,4,True,True,Sports,Midway,9.95,X360,2008,0,0.0
NBA Live 06,1,True,True,Sports,EA,9.95,Sony PSP,2005,0,4.0
NBA LIVE 06 ,1,True,True,Sports,EA,4.95,X360,2005,0,4.0
NBA Live 07,1,True,True,Sports,EA,7.95,Sony PSP,2006,0,0.0
NBA LIVE 07 ,1,True,True,Sports,EA,4.95,X360,2006,0,0.0
NBA Live 08,4,True,True,Sports,EA,9.95,PlayStation 3,2007,0,0.0
NBA LIVE 08 ,1,True,True,Sports,EA,9.95,X360,2007,0,0.0
NBA Street Homecourt,4,True,True,Sports,EA,7.95,X360,2007,1,0.0
NCAA 07 March Madness,4,True,True,Sports,EA,7.95,X360,2007,0,0.0
NCAA Football 07,2,True,True,Sports,EA,4.95,X360,2006,0,0.0
NCAA Football 08,2,True,True,Sports,EA,9.95,X360,2007,0,12.0
NCAA Football 09,4,True,True,Sports,EA,14.95,X360,2008,0,0.0
NCAA March Madness 08,4,True,True,Sports,EA,12.95,PlayStation 3,2007,0,0.0
Need for Speed Underground 2,1,True,True,Racing / Driving,EA,22.95,Nintendo DS,2005,19,19.6
Need for Speed Underground: Rivals,4,True,True,Racing / Driving,EA,17.95,Sony PSP,2005,2,12.0
Need for Speed: Carbon,2,True,True,Racing / Driving,EA,16.95,X360,2006,3,12.616666666666667
Need for Speed: Carbon - Own the City,1,True,True,Racing / Driving,EA,16.95,Sony PSP,2006,1,15.716666666666667
Need for Speed: Most Wanted,2,True,True,Racing / Driving,EA,17.95,X360,2005,21,10.183333333333334
Need for Speed: Most Wanted 5-1-0,1,True,True,Racing / Driving,EA,14.95,Sony PSP,2005,0,12.166666666666666
Need for Speed: ProStreet,2,True,True,Racing / Driving,EA,16.95,X360,2007,3,10.383333333333333
Need for Speed: Undercover,1,True,True,Racing / Driving,EA,17.95,X360,2008,6,10.583333333333334
Neopets Puzzle Adventure,1,True,True,"Adventure,Role-Playing (RPG),Strategy",Capcom,17.95,Nintendo DS,2008,0,3.0
Nervous Brickdown,1,True,True,Action,,17.95,Nintendo DS,2007,0,8.0
New International Track & Field,1,True,True,"Action,Sports",Konami,14.95,Nintendo DS,2008,0,0.0
New Super Mario Bros.,1,True,True,Action,Nintendo,27.95,Nintendo DS,2006,33,7.2
NFL Head Coach 09,1,True,True,"Simulation,Sports,Strategy",EA,14.95,PlayStation 3,2008,0,0.0
NFL Street 2,4,True,True,Sports,EA,17.95,Sony PSP,2005,0,0.0
NFL Street 3,1,True,True,"Action,Sports",EA,14.95,Sony PSP,2006,0,0.0
NFL Tour,1,True,True,"Action,Sports",EA,12.95,X360,2008,0,0.0
NHL 07,4,True,True,Sports,EA,12.95,Sony PSP,2006,1,10.0
NHL 07 ,1,True,True,Sports,EA,5.95,X360,2006,1,10.0
NHL 08,7,True,True,Sports,EA,9.95,PlayStation 3,2007,0,17.5
NHL 08 ,1,True,True,Sports,EA,9.95,X360,2007,0,17.5
NHL 09,1,True,True,Sports,EA,19.95,PlayStation 3,2008,1,20.0
NHL 09 ,1,True,True,Sports,EA,14.95,X360,2008,1,20.0
NHL 2K6 ,1,True,True,Sports,2K,5.95,X360,2005,2,0.0
NHL 2K8,7,True,True,Sports,,9.95,PlayStation 3,2007,0,0.0
NHL 2K8 ,1,True,True,Sports,2K,6.95,X360,2007,0,0.0
NHL 2K9,1,True,True,Sports,2K,14.95,PlayStation 3,2008,0,0.0
NHL 2K9 ,1,True,True,Sports,2K,14.95,X360,2008,0,0.0
Nicktoons: Attack of the Toybots,1,True,True,Action,THQ,14.95,Nintendo Wii,2007,0,0.0
NiGHTS: Journey of Dreams,2,True,True,Action,Sega,14.95,Nintendo Wii,2007,0,6.5
Ninja Gaiden Sigma,1,True,True,Action,,19.95,PlayStation 3,2007,1,14.583333333333334
Ninja Gaiden: Dragon Sword,1,True,True,Action,,12.95,Nintendo DS,2008,0,5.166666666666667
Ninja Reflex,4,True,True,Action,EA,14.95,Nintendo Wii,2008,1,4.0
Ninjatown,1,True,True,Strategy,,19.95,Nintendo DS,2008,1,12.633333333333333
Nintendogs,1,True,True,Simulation,Nintendo,26.95,Nintendo DS,2005,1,27.966666666666665
Nitrobike,4,True,True,"Action,Racing / Driving,Sports",Ubisoft,14.95,Nintendo Wii,2008,0,0.0
No More Heroes,1,True,True,"Action,Racing / Driving",Ubisoft,17.95,Nintendo Wii,2007,12,10.533333333333333
ObsCure: The Aftermath,1,True,True,Action,,16.95,Nintendo Wii,2008,4,8.016666666666667
Octomania,1,True,True,"Action,Strategy",,14.95,Nintendo Wii,2007,0,0.0
Onechanbara: Bikini Samurai Squad,1,True,True,Action,,19.95,X360,2006,1,5.7
Ontamarama,1,True,True,Action,,17.95,Nintendo DS,2007,0,1.0
Open Season,1,True,True,Action,Ubisoft,17.95,Nintendo DS,2006,4,3.6666666666666665
Orcs & Elves,1,True,True,"Action,Role-Playing (RPG)",EA,14.95,Nintendo DS,2007,1,4.6
Order Up!,1,True,True,"Action,Simulation",,17.95,Nintendo Wii,2008,0,6.0
OutRun 2006: Coast 2 Coast,1,True,True,Racing / Driving,Sega,17.95,Sony PSP,2006,0,5.183333333333334
Over G Fighters,2,True,True,Simulation,Ubisoft,17.95,X360,2006,0,0.0
Over the Hedge,1,True,True,Adventure,Activision,16.95,Nintendo DS,2006,1,2.0
Overlord,1,True,True,"Action,Strategy",,17.95,X360,2007,14,18.1
Overlord: Raising Hell,2,True,True,"Action,Strategy",,17.95,PlayStation 3,2008,15,11.233333333333333
Pac-Man World 3,1,True,True,Action,"EA,Namco",24.95,Sony PSP,2005,0,8.0
Pac-Man World Rally,1,True,True,"Action,Racing / Driving",Namco,17.95,Sony PSP,2006,0,2.75
PaRappa the Rapper,1,True,True,Action,Sony,12.95,Sony PSP,2006,1,1.3
Patapon,1,True,True,"Action,Strategy",Sony,17.95,Sony PSP,2008,4,15.883333333333333
Perfect Dark Zero,4,True,True,Action,Microsoft,17.95,X360,2005,2,7.816666666666666
Peter Jackson's King Kong: The Official Game of...,2,True,True,Action,Ubisoft,14.95,X360,2005,17,6.583333333333333
Phantasy Star Universe,1,True,True,Role-Playing (RPG),Sega,24.95,X360,2006,2,27.733333333333334
Phoenix Wright: Ace Attorney,1,True,True,"Adventure,Simulation",Capcom,24.95,Nintendo DS,2005,87,16.916666666666668
Phoenix Wright: Ace Attorney - Justice for All,1,True,True,"Adventure,Simulation",Capcom,13.95,Nintendo DS,2006,58,17.75
Phoenix Wright: Ace Attorney - Trials and Tribu...,1,True,True,"Adventure,Simulation",Capcom,17.95,Nintendo DS,2007,48,20.416666666666668
Picross DS,1,True,True,Strategy,Nintendo,17.95,Nintendo DS,2007,9,39.516666666666666
Pinball Hall of Fame: The Gottlieb Collection,4,True,True,Action,,9.95,Sony PSP,2005,0,0.0
Pinball Hall of Fame: The Williams Collection,1,True,True,Simulation,,17.95,Nintendo Wii,2008,3,20.0
Pipe Mania,1,True,True,Strategy,,14.95,Nintendo DS,2008,0,0.0
Pirates of the Caribbean: Dead Man's Chest,1,True,True,Action,,14.95,Sony PSP,2006,1,2.0833333333333335
Planet Puzzle League,1,True,True,Strategy,Nintendo,17.95,Nintendo DS,2007,0,0.31666666666666665
Platypus,2,True,True,Action,,14.95,Sony PSP,2006,0,1.4333333333333333
Point Blank DS,1,True,True,Action,"Atari,Namco",17.95,Nintendo DS,2006,0,0.9
Pokmon Battle Revolution,4,True,True,"Action,Strategy",Nintendo,39.95,Nintendo Wii,2006,1,13.016666666666667
Pokmon Dash,1,True,True,Racing / Driving,Nintendo,24.95,Nintendo DS,2004,1,1.1166666666666667
Pokmon Diamond,1,True,True,Role-Playing (RPG),Nintendo,27.95,Nintendo DS,2006,39,42.63333333333333
Pokmon Mystery Dungeon: Blue Rescue Team,1,True,True,Role-Playing (RPG),Nintendo,14.95,Nintendo DS,2005,6,22.566666666666666
Pokmon Mystery Dungeon: Explorers of Darkness,1,True,True,Role-Playing (RPG),Nintendo,15.95,Nintendo DS,2007,4,21.766666666666666
Pokmon Mystery Dungeon: Explorers of Time,1,True,True,Role-Playing (RPG),Nintendo,24.95,Nintendo DS,2007,4,21.766666666666666
Pokmon Pearl,1,True,True,Role-Playing (RPG),Nintendo,26.95,Nintendo DS,2006,39,42.63333333333333
Pokmon Ranger,1,True,True,Role-Playing (RPG),Nintendo,19.95,Nintendo DS,2006,5,12.55
Pokmon Ranger: Shadows of Almia,1,True,True,"Action,Role-Playing (RPG)",Nintendo,24.95,Nintendo DS,2008,7,21.3
Pokmon Trozei!,1,True,True,Strategy,Nintendo,19.95,Nintendo DS,2005,0,3.2333333333333334
Pokmon: Platinum Version,1,True,True,"Adventure,Role-Playing (RPG)",Nintendo,27.95,Nintendo DS,2008,18,33.55
Polarium,1,True,True,Strategy,Nintendo,8.95,Nintendo DS,2004,1,5.416666666666667
Power Stone Collection,1,True,True,Action,Capcom,14.95,Sony PSP,2006,0,0.0
PQ: Practical Intelligence Quotient,1,True,True,Strategy,,14.95,Sony PSP,2005,0,0.0
Prey,1,True,True,Action,2K,14.95,X360,2006,12,7.5
Prince of Persia,1,True,True,Action,Ubisoft,16.95,X360,2008,43,11.633333333333333
Prince of Persia: Revelations,1,True,True,Action,Ubisoft,6.95,Sony PSP,2005,0,0.0
Prism: Light the Way,1,True,True,"Action,Strategy",Eidos,16.95,Nintendo DS,2007,0,0.0
Pro Evolution Soccer 2008,4,True,True,Sports,Konami,14.95,X360,2007,2,0.0
Professor Layton and the Curious Village,1,True,True,"Adventure,Educational,Strategy",Nintendo,23.95,Nintendo DS,2007,60,12.8
Project Sylpheed: Arc of Deception,1,True,True,Action,"Microsoft,SquareEnix",14.95,X360,2006,0,5.8
Pure,1,True,True,"Racing / Driving,Sports",Disney,12.95,X360,2008,3,9.933333333333334
Pursuit Force,1,True,True,"Action,Racing / Driving",Sony,14.95,Sony PSP,2005,0,9.75
Pursuit Force: Extreme Justice,1,True,True,"Action,Racing / Driving",Sony,14.95,Sony PSP,2007,0,7.5
Puyo Pop Fever,1,True,True,"Action,Strategy",Sega,19.95,Nintendo DS,2004,0,1.75
Puzzle Quest: Challenge of the Warlords,1,True,True,"Role-Playing (RPG),Strategy",,17.95,Nintendo DS,2007,7,37.016666666666666
Quake 4,1,True,True,Action,Activision,14.95,X360,2005,13,7.8
R-Type Command,1,True,True,Strategy,,14.95,Sony PSP,2007,0,24.366666666666667
Raiden IV,2,True,True,Action,,32.95,X360,2008,0,0.8333333333333334
Rampage: Total Destruction,4,True,True,Action,Midway,16.95,Nintendo Wii,2006,0,5.0
Ratatouille,1,True,True,Action,THQ,19.95,Nintendo Wii,2007,2,7.5
Ratchet & Clank Future: Tools of Destruction,1,True,True,Action,Sony,22.95,PlayStation 3,2007,12,13.066666666666666
Ratchet & Clank: Size Matters,1,True,True,Action,Sony,14.95,Sony PSP,2007,4,7.116666666666666
Rayman Raving Rabbids,4,True,True,Action,Ubisoft,17.95,Nintendo Wii,2006,2,5.8
Rayman Raving Rabbids 2,4,True,True,Action,Ubisoft,17.95,Nintendo Wii,2007,0,5.0
Rayman Raving Rabbids TV Party,4,True,True,"Action,Racing / Driving,Sports,Strategy",Ubisoft,17.95,Nintendo Wii,2008,0,0.0
Red Steel,4,True,True,Action,Ubisoft,14.95,Nintendo Wii,2006,0,8.6
Rengoku: The Tower of Purgatory,1,True,True,"Action,Role-Playing (RPG)",Konami,12.95,Sony PSP,2005,0,4.716666666666667
Resident Evil 4,1,True,True,Action,Capcom,16.95,Nintendo Wii,2007,81,16.116666666666667
Resident Evil: Deadly Silence,1,True,True,Action,Capcom,17.95,Nintendo DS,2006,2,5.983333333333333
Resident Evil: The Umbrella Chronicles,2,True,True,Action,"Capcom,Nintendo",19.95,Nintendo Wii,2007,7,7.55
Resistance 2,2,True,True,Action,Sony,24.95,PlayStation 3,2008,2,10.1
Resistance: Fall of Man,4,True,True,Action,Sony,19.95,PlayStation 3,2006,4,11.75
Retro Atari Classics,1,True,True,"Action,Racing / Driving,Simulation",Atari,12.95,Nintendo DS,2005,0,0.0
Retro Game Challenge,1,True,True,"Action,Racing / Driving,Role-Playing (RPG)",Namco,17.95,Nintendo DS,2007,1,11.166666666666666
Rhapsody: A Musical Adventure,1,True,True,Role-Playing (RPG),,12.95,Nintendo DS,2008,4,9.65
Rhythm Heaven,1,True,True,Action,Nintendo,24.95,Nintendo DS,2008,4,5.966666666666667
Ridge Racer,1,True,True,Racing / Driving,Namco,19.95,Sony PSP,2004,1,0.6166666666666667
Ridge Racer 6,2,True,True,Racing / Driving,"EA,Namco",14.95,X360,2005,0,8.0
Ridge Racer 7,2,True,True,Racing / Driving,"Namco,Sony",19.95,PlayStation 3,2006,1,10.0
Ridge Racer DS,1,True,True,Racing / Driving,Namco,9.95,Nintendo DS,2004,0,2.2333333333333334
River King: Mystic Valley,1,True,True,"Adventure,Simulation,Sports",,24.95,Nintendo DS,2007,0,0.0
Riviera: The Promised Land,1,True,True,Role-Playing (RPG),,17.95,Sony PSP,2006,0,24.1
Rock Band,4,True,True,"Action,Simulation",,14.95,X360,2007,1,7.583333333333333
Rock Band 2,4,True,True,"Action,Simulation",,19.95,X360,2008,1,9.816666666666666
Rockstar Games presents Table Tennis,2,True,True,Sports,Rockstar,9.95,X360,2006,0,6.0
Rondo of Swords,1,True,True,"Role-Playing (RPG),Strategy",,19.95,Nintendo DS,2007,2,18.166666666666668
Rumble Roses XX,4,True,True,"Action,Sports",Konami,17.95,X360,2006,3,0.0
Rune Factory 2: A Fantasy Harvest Moon,1,True,True,"Action,Role-Playing (RPG),Simulation",,17.95,Nintendo DS,2008,1,0.0
Rune Factory: A Fantasy Harvest Moon,1,True,True,"Role-Playing (RPG),Simulation",,24.95,Nintendo DS,2006,1,0.0
Saints Row,1,True,True,"Action,Racing / Driving",THQ,14.95,X360,2006,7,17.883333333333333
Saints Row 2,1,True,True,"Action,Racing / Driving",THQ,17.95,X360,2008,29,20.266666666666666
Samba de Amigo,2,True,True,Action,Sega,12.95,Nintendo Wii,2008,0,8.0
Samurai Warriors 2,4,True,True,Action,,14.95,X360,2006,3,30.0
Samurai Warriors 2: Empires,2,True,True,"Action,Role-Playing (RPG),Strategy",,19.95,X360,2007,1,8.0
Samurai Warriors: Katana,1,True,True,Action,,17.95,Nintendo Wii,2008,0,0.0
Samurai Warriors: State of War,1,True,True,Action,,17.95,Sony PSP,2006,0,10.5
SBK: Snowboard Kids,1,True,True,"Action,Sports",,19.95,Nintendo DS,2006,2,0.0
Scarface: The World is Yours,1,True,True,"Action,Racing / Driving",,22.95,Nintendo Wii,2007,8,17.116666666666667
Scooby-Doo! Unmasked,1,True,True,Action,THQ,17.95,Nintendo DS,2005,0,8.0
Scurge: Hive,1,True,True,Action,,8.95,Nintendo DS,2006,2,10.316666666666666
Sea Monsters: A Prehistoric Adventure,1,True,True,"Action,Educational",,13.95,Nintendo DS,2007,1,0.0
Secret Agent Clank,1,True,True,Action,Sony,23.95,Sony PSP,2008,0,7.716666666666667
Secret Files: Tunguska,1,True,True,Adventure,,17.95,Nintendo DS,2008,9,8.8
SEGA Bass Fishing,1,True,True,Sports,Sega,17.95,Nintendo Wii,2008,2,3.3333333333333335
Sega Casino,1,True,True,Simulation,Sega,17.95,Nintendo DS,2005,0,0.0
SEGA Genesis Collection,2,True,True,"Action,Racing / Driving,Role-Playing (RPG),Strategy",Sega,17.95,Sony PSP,2006,0,0.0
SEGA Rally Revo,2,True,True,"Racing / Driving,Simulation",Sega,14.95,X360,2007,1,0.0
Sega Superstars Tennis,4,True,True,Sports,Sega,9.95,X360,2008,0,7.4
Shadowrun,1,True,True,Action,Microsoft,12.95,X360,2007,12,21.45
Shaun White Snowboarding,1,True,True,Sports,Ubisoft,14.95,X360,2008,0,0.0
Shaun White Snowboarding: Road Trip,1,True,True,Sports,Ubisoft,14.95,Nintendo Wii,2008,0,0.0
Shrek SuperSlam,1,True,True,Action,Activision,11.95,Nintendo DS,2005,0,1.2166666666666668
Shrek the Third,2,True,True,Action,Activision,14.95,X360,2007,1,4.0
Sid Meier's Civilization: Revolution,1,True,True,Strategy,2K,24.95,X360,2008,5,4.966666666666667
Silent Hill: 0rigins,1,True,True,Action,Konami,17.95,Sony PSP,2007,4,6.083333333333333
Silent Hill: Homecoming,1,True,True,Action,Konami,17.95,X360,2008,5,9.35
SimCity Creator,1,True,True,Simulation,EA,24.95,Nintendo Wii,2008,0,0.0
SimCity DS,1,True,True,Simulation,EA,14.95,Nintendo DS,2007,0,3.0
SingStar,6,True,True,Simulation,Sony,14.95,PlayStation 3,2007,0,0.0
SingStar ABBA,8,True,True,Action,Sony,17.95,PlayStation 3,2008,0,0.0
skate it,4,True,True,"Action,Sports",EA,39.95,Nintendo Wii,2008,0,0.0
Smash Court Tennis 3,1,True,True,Sports,Namco,19.95,Sony PSP,2007,0,0.0
Snoopy vs. the Red Baron,1,True,True,Action,Namco,17.95,Sony PSP,2006,0,6.0
SOCOM: U.S. Navy SEALs - Confrontation,1,True,True,Action,Sony,16.95,PlayStation 3,2008,0,10.0
SOCOM: U.S. Navy SEALs - Fireteam Bravo,1,True,True,Action,Sony,14.95,Sony PSP,2005,0,8.583333333333334
SOCOM: U.S. Navy SEALs - Fireteam Bravo 2,1,True,True,Action,Sony,16.95,Sony PSP,2006,0,0.0
SOCOM: U.S. Navy SEALs - Tactical Strike,1,True,True,"Action,Strategy",Sony,14.95,Sony PSP,2007,0,0.0
Soldier of Fortune: Payback,1,True,True,Action,Activision,13.95,X360,2007,0,3.3333333333333335
Sonic and the Secret Rings,4,True,True,Action,Sega,16.95,Nintendo Wii,2007,1,9.266666666666667
Sonic Chronicles: The Dark Brotherhood,1,True,True,"Action,Role-Playing (RPG)",Sega,17.95,Nintendo DS,2008,2,14.5
Sonic Riders: Zero Gravity,4,True,True,Racing / Driving,Sega,16.95,Nintendo Wii,2008,2,3.1
Sonic Rivals,1,True,True,"Action,Racing / Driving",Sega,17.95,Sony PSP,2006,1,6.15
Sonic Rivals 2,1,True,True,Action,Sega,22.95,Sony PSP,2007,1,0.0
Sonic Rush,1,True,True,Action,Sega,14.95,Nintendo DS,2005,5,4.966666666666667
Sonic Rush Adventure,1,True,True,"Action,Sports",Sega,24.95,Nintendo DS,2007,4,6.233333333333333
Sonic the Hedgehog,2,True,True,Action,Sega,14.95,X360,2007,2,2.8166666666666664
Sonic Unleashed,1,True,True,Action,Sega,17.95,Nintendo Wii,2008,1,12.8
Soul Bubbles,1,True,True,Strategy,Eidos,14.95,Nintendo DS,2008,4,6.0
SoulCalibur IV,2,True,True,Action,Namco,19.95,X360,2008,4,3.183333333333333
Soulcalibur Legends,2,True,True,Action,Namco,16.95,Nintendo Wii,2007,0,12.6
Space Bust-A-Move,1,True,True,Strategy,SquareEnix,17.95,Nintendo DS,2008,1,1.0
Space Chimps,2,True,True,"Action,Adventure",,14.95,X360,2008,0,0.0
Space Invaders Extreme,1,True,True,Action,SquareEnix,16.95,Nintendo DS,2008,0,0.0
Space Invaders Revolution,1,True,True,Action,,13.95,Nintendo DS,2005,0,0.0
Spectrobes,1,True,True,"Action,Strategy",,14.95,Nintendo DS,2007,2,0.0
Spectrobes: Beyond the Portals,1,True,True,"Action,Role-Playing (RPG)",Disney,11.95,Nintendo DS,2008,0,24.266666666666666
Speed Racer: The Videogame,2,True,True,Racing / Driving,,16.95,Nintendo Wii,2008,1,0.0
Spider-Man 2,1,True,True,Action,Activision,14.95,Nintendo DS,2004,2,8.35
Spider-Man 3,1,True,True,Action,Ubisoft,6.95,Sony PSP,2006,1,9.633333333333333
Spider-Man: Friend or Foe,2,True,True,Action,Activision,17.95,X360,2007,6,8.35
Spider-Man: Web of Shadows,1,True,True,Action,Activision,19.95,X360,2008,2,10.7
SpongeBob Squarepants: Creature from the Krusty Krab,1,True,True,"Action,Adventure",THQ,14.95,Nintendo Wii,2006,3,5.883333333333333
SpongeBob SquarePants: The Yellow Avenger,1,True,True,Action,THQ,13.95,Nintendo DS,2005,1,8.0
Spore Creatures,1,True,True,"Adventure,Simulation",EA,14.95,Nintendo DS,2008,0,0.0
Sprung,1,True,True,Adventure,Ubisoft,8.95,Nintendo DS,2004,1,0.0
Spyro: Shadow Legacy,1,True,True,Role-Playing (RPG),,17.95,Nintendo DS,2005,1,2.5166666666666666
SSX Blur,4,True,True,Sports,EA,17.95,Nintendo Wii,2007,0,10.0
SSX on Tour,1,True,True,Sports,EA,16.95,Sony PSP,2005,0,0.0
Star Fox Command,1,True,True,Action,Nintendo,14.95,Nintendo DS,2006,0,3.3166666666666664
Star Ocean: First Departure,1,True,True,"Action,Role-Playing (RPG)",SquareEnix,17.95,Sony PSP,2008,2,21.083333333333332
Star Trek Legacy,2,True,True,"Action,Strategy",Ubisoft,24.95,X360,2006,1,9.4
Star Trek: Conquest,1,True,True,"Action,Strategy",,27.95,Nintendo Wii,2007,0,0.0
Star Trek: Tactical Assault,1,True,True,"Action,Strategy",Ubisoft,17.95,Nintendo DS,2006,0,0.0
Star Wars Battlefront: Renegade Squadron,1,True,True,Action,,16.95,Sony PSP,2007,0,4.066666666666666
Star Wars: Battlefront II,1,True,True,Action,,16.95,Sony PSP,2005,14,7.783333333333333
Star Wars: Episode III - Revenge of the Sith,1,True,True,Action,Ubisoft,16.95,Nintendo DS,2005,3,4.616666666666667
Star Wars: Lethal Alliance,1,True,True,Action,Ubisoft,17.95,Sony PSP,2006,0,5.666666666666667
Star Wars: The Clone Wars - Jedi Alliance,1,True,True,"Action,Adventure",,17.95,Nintendo DS,2008,0,5.133333333333334
Star Wars: The Force Unleashed,1,True,True,Action,,16.95,X360,2008,8,5.333333333333333
Street Fighter Alpha 3 MAX,1,True,True,Action,Capcom,14.95,Sony PSP,2006,0,2.0
Stuntman: Ignition,4,True,True,"Action,Racing / Driving",THQ,14.95,X360,2007,3,6.016666666666667
Summer Athletics 2009,4,True,True,Sports,,19.95,Nintendo Wii,2008,0,0.0
Summon Night: Twin Age,1,True,True,Role-Playing (RPG),,24.95,Nintendo DS,2008,1,13.633333333333333
Super Dodgeball Brawlers,1,True,True,"Action,Sports",,19.95,Nintendo DS,2008,0,0.6833333333333333
Super Mario 64 DS,1,True,True,Action,Nintendo,24.95,Nintendo DS,2004,20,14.333333333333334
Super Mario Galaxy,2,True,True,Action,Nintendo,39.95,Nintendo Wii,2007,61,15.283333333333333
Super Monkey Ball Adventure,1,True,True,"Action,Racing / Driving",Sega,24.95,Sony PSP,2006,0,0.0
Super Monkey Ball: Banana Blitz,4,True,True,Action,Sega,14.95,Nintendo Wii,2006,0,5.316666666666666
Super Monkey Ball: Touch & Roll,1,True,True,Action,Sega,15.95,Nintendo DS,2005,0,0.85
Super Paper Mario,1,True,True,"Action,Role-Playing (RPG)",Nintendo,29.95,Nintendo Wii,2007,11,17.966666666666665
Super Princess Peach,1,True,True,Action,Nintendo,29.95,Nintendo DS,2005,6,7.616666666666667
Super Smash Bros.: Brawl,6,True,True,Action,Nintendo,39.95,Nintendo Wii,2008,15,10.85
Super Swing Golf,1,True,True,Sports,,16.95,Nintendo Wii,2006,0,0.0
Super Swing Golf Season 2,1,True,True,Sports,,19.95,Nintendo Wii,2007,0,0.0
Superman Returns,1,True,True,Action,EA,7.95,X360,2006,4,7.0
Supreme Commander,1,True,True,Strategy,,17.95,X360,2008,4,19.6
Surf's Up,1,True,True,"Racing / Driving,Sports",Ubisoft,14.95,Nintendo DS,2007,0,1.2833333333333332
SWAT: Target Liberty,1,True,True,"Action,Strategy",,12.95,Sony PSP,2007,0,0.0
Syberia,1,True,True,Adventure,,23.95,Nintendo DS,2008,32,9.916666666666666
Syphon Filter: Dark Mirror,1,True,True,Action,Sony,12.95,Sony PSP,2006,1,6.85
Syphon Filter: Logan's Shadow,1,True,True,"Action,Strategy",Sony,16.95,Sony PSP,2007,2,11.0
Tales of Symphonia: Dawn of the New World,4,True,True,Role-Playing (RPG),Namco,24.95,Nintendo Wii,2008,5,32.81666666666667
Tales of Vesperia,1,True,True,"Adventure,Role-Playing (RPG)",Namco,27.95,X360,2008,16,51.68333333333333
Tao's Adventure: Curse of the Demon Seal,1,True,True,Role-Playing (RPG),Konami,14.95,Nintendo DS,2006,0,45.0
Target: Terror,1,True,True,Action,Konami,17.95,Nintendo Wii,2008,0,0.0
Teenage Mutant Ninja Turtles 3: Mutant Nightmare,1,True,True,"Action,Adventure",Konami,17.95,Nintendo DS,2005,0,4.5
Tekken: Dark Resurrection,1,True,True,Action,"Namco,Sony",17.95,Sony PSP,2006,2,2.3666666666666667
Tenchu Z,1,True,True,Action,Microsoft,14.95,X360,2006,3,20.816666666666666
Tenchu: Dark Secret,1,True,True,Action,Nintendo,14.95,Nintendo DS,2006,0,7.1
Test Drive Unlimited,1,True,True,Racing / Driving,Atari,17.95,X360,2006,3,28.083333333333332
Tetris DS,1,True,True,Strategy,Nintendo,17.95,Nintendo DS,2006,2,16.75
Tetris Evolution,4,True,True,Strategy,THQ,17.95,X360,2007,0,0.0
Tetris Party,4,True,True,Strategy,,24.95,Nintendo Wii,2008,0,2.0
The Ant Bully,1,True,True,Action,Midway,16.95,Nintendo Wii,2006,0,3.5666666666666664
The BIGS,4,True,True,"Action,Simulation,Sports",2K,17.95,Nintendo Wii,2007,1,6.866666666666667
The Chronicles of Narnia: Prince Caspian,2,True,True,"Action,Role-Playing (RPG)",Disney,16.95,Nintendo Wii,2008,2,14.0
"The Chronicles of Narnia: The Lion, the Witch a...",1,True,True,"Action,Role-Playing (RPG)",,12.95,Nintendo DS,2005,0,3.6166666666666667
The Club,4,True,True,Action,Sega,14.95,X360,2008,1,4.583333333333333
The Con,1,True,True,Action,Sony,8.95,Sony PSP,2005,0,0.0
The Dark Spire,1,True,True,"Adventure,Role-Playing (RPG)",,24.95,Nintendo DS,2008,3,27.916666666666668
The Darkness,1,True,True,Action,2K,14.95,X360,2007,5,9.433333333333334
The Elder Scrolls IV: Oblivion,1,True,True,"Action,Role-Playing (RPG)",2K,19.95,X360,2006,117,26.833333333333332
The Elder Scrolls IV: Shivering Isles,1,True,True,"Action,Role-Playing (RPG)",,24.95,X360,2007,5,11.266666666666667
The Eye of Judgment,2,True,True,Strategy,Sony,12.95,PlayStation 3,2007,0,0.0
The Fast and the Furious,1,True,True,Racing / Driving,Namco,22.95,Sony PSP,2007,0,0.0
The Godfather: The Game,1,True,True,Action,EA,17.95,X360,2006,11,12.933333333333334
The Golden Compass,1,True,True,Action,Sega,9.95,X360,2007,0,6.583333333333333
The House of the Dead 2 & 3 Return,2,True,True,Action,Sega,17.95,Nintendo Wii,2008,2,3.183333333333333
The Incredible Hulk,1,True,True,Action,Sega,16.95,Nintendo Wii,2008,1,0.0
The King of Fighters Collection: The Orochi Saga,1,True,True,Action,,17.95,Nintendo Wii,2008,0,0.0
The Last Remnant,1,True,True,Role-Playing (RPG),SquareEnix,14.95,X360,2008,13,60.78333333333333
The Legend of Heroes II: Prophecy of the Moonli...,1,True,True,Role-Playing (RPG),Namco,17.95,Sony PSP,2006,1,23.533333333333335
The Legend of Heroes III: Song of the Ocean,1,True,True,Role-Playing (RPG),Namco,17.95,Sony PSP,2007,1,44.85
The Legend of Heroes: A Tear of Vermillion,1,True,True,Role-Playing (RPG),,17.95,Sony PSP,2005,2,26.266666666666666
The Legend of Kage 2,1,True,True,Action,SquareEnix,14.95,Nintendo DS,2008,0,3.3333333333333335
The Legend of Zelda: Phantom Hourglass,1,True,True,Action,Nintendo,24.95,Nintendo DS,2007,21,16.1
The Legend of Zelda: Twilight Princess,1,True,True,"Action,Role-Playing (RPG)",Nintendo,39.95,Nintendo Wii,2006,106,37.266666666666666
The Legendary Starfy,1,True,True,"Action,Adventure",Nintendo,24.95,Nintendo DS,2008,5,8.133333333333333
The Lord of the Rings: Tactics,1,True,True,"Role-Playing (RPG),Strategy",EA,19.95,Sony PSP,2005,0,5.0
The Lord of the Rings: The Battle for Middle Ea...,1,True,True,Strategy,EA,19.95,X360,2006,8,14.716666666666667
The Orange Box,1,True,True,Action,,17.95,X360,2007,4,26.65
The Outfit,2,True,True,Action,THQ,14.95,X360,2006,0,8.0
The Rub Rabbits!,2,True,True,"Action,Adventure",Sega,17.95,Nintendo DS,2005,0,2.1666666666666665
The Settlers,1,True,True,Strategy,Ubisoft,17.95,Nintendo DS,2007,1,3.75
The Simpsons Game,1,True,True,Action,EA,17.95,Nintendo DS,2007,7,0.9333333333333333
The Sims 2,1,True,True,"Role-Playing (RPG),Simulation",EA,17.95,Nintendo DS,2005,1,40.666666666666664
The Sims 2: Apartment Pets,1,True,True,Simulation,EA,17.95,Nintendo DS,2008,0,0.0
The Sims 2: Castaway,1,True,True,Simulation,EA,16.95,Nintendo DS,2007,0,0.0
The Sims 2: Pets,1,True,True,Simulation,EA,14.95,Nintendo DS,2006,0,0.0
The Spiderwick Chronicles,2,True,True,"Action,Adventure",,16.95,Nintendo Wii,2008,0,4.0
The Urbz: Sims in the City,1,True,True,Simulation,EA,12.95,Nintendo DS,2004,2,15.5
The Warriors,1,True,True,Action,Rockstar,17.95,Sony PSP,2007,1,12.733333333333333
The World Ends With You,1,True,True,"Action,Adventure,Role-Playing (RPG)",SquareEnix,17.95,Nintendo DS,2007,19,25.366666666666667
Thrillville,1,True,True,"Simulation,Strategy",Atari,14.95,Sony PSP,2006,0,0.0
Thrillville: Off the Rails,4,True,True,"Simulation,Strategy",,16.95,Nintendo Wii,2007,2,7.883333333333333
Tiger Woods PGA Tour,1,True,True,Sports,EA,17.95,Sony PSP,2005,0,0.0
Tiger Woods PGA Tour 06,4,True,True,Sports,EA,9.95,X360,2005,0,0.0
Tiger Woods PGA Tour 07,1,True,True,Sports,EA,9.95,X360,2006,0,10.0
Tiger Woods PGA Tour 08,4,True,True,Sports,EA,17.95,Nintendo Wii,2007,0,0.0
Tiger Woods PGA Tour 09,4,True,True,Sports,EA,19.95,X360,2008,0,0.0
Time Crisis 4,2,True,True,Action,Namco,24.95,PlayStation 3,2007,0,1.2166666666666668
TimeShift,1,True,True,Action,,12.95,X360,2007,5,8.216666666666667
TMNT,1,True,True,Action,Ubisoft,19.95,X360,2007,10,4.65
TNA iMPACT!,4,True,True,Sports,Midway,14.95,X360,2008,1,8.166666666666666
Tokobot,1,True,True,Strategy,,17.95,Sony PSP,2005,0,8.45
Tom Clancy's EndWar,1,True,True,Strategy,Ubisoft,16.95,X360,2008,0,10.466666666666667
Tom Clancy's Ghost Recon: Advanced Warfighter,4,True,True,Action,Ubisoft,14.95,X360,2006,0,8.666666666666666
Tom Clancy's Ghost Recon: Advanced Warfighter 2...,1,True,True,Action,Ubisoft,14.95,X360,2007,0,8.666666666666666
Tom Clancy's Rainbow Six: Vegas,2,True,True,Action,Ubisoft,14.95,X360,2006,1,8.75
Tom Clancy's Rainbow Six: Vegas 2,2,True,True,Action,Ubisoft,16.95,X360,2008,1,8.75
Tom Clancy's Splinter Cell: Double Agent,1,True,True,Action,Ubisoft,17.95,X360,2006,9,11.616666666666667
Tomb Raider: Underworld,1,True,True,Action,Eidos,17.95,X360,2008,13,10.25
Tony Hawk's American Sk8land,1,True,True,Sports,Activision,16.95,Nintendo DS,2005,0,0.0
Tony Hawk's American Wasteland,1,True,True,Sports,Activision,14.95,X360,2005,2,11.8
Tony Hawk's Downhill Jam,1,True,True,"Racing / Driving,Sports",Activision,14.95,Nintendo DS,2006,0,0.0
Tony Hawk's Project 8,2,True,True,Sports,Activision,17.95,Sony PSP,2006,0,16.433333333333334
Tony Hawk's Proving Ground,2,True,True,Sports,Activision,16.95,X360,2007,0,8.133333333333333
Tony Hawk's Underground 2: Remix,1,True,True,Sports,Activision,14.95,Sony PSP,2005,1,0.0
Too Human,1,True,True,"Action,Role-Playing (RPG)",Microsoft,14.95,X360,2008,1,12.916666666666666
Top Spin 2,4,True,True,Sports,2K,12.95,X360,2006,0,10.0
Top Spin 3,4,True,True,Sports,2K,19.95,X360,2008,0,0.0
Touch Detective,1,True,True,Adventure,,14.95,Nintendo DS,2006,3,5.983333333333333
Touch Detective 2 1/2,1,True,True,Adventure,,14.95,Nintendo DS,2007,3,5.833333333333333
Touch the Dead,1,True,True,Action,,16.95,Nintendo DS,2007,0,4.65
Transformers: Autobots,1,True,True,"Action,Racing / Driving",Activision,17.95,Nintendo DS,2007,0,0.0
Transformers: Decepticons,1,True,True,"Action,Racing / Driving",Activision,17.95,Nintendo DS,2007,0,0.0
Transformers: The Game,1,True,True,Action,Activision,14.95,X360,2007,1,5.316666666666666
Trauma Center: New Blood,2,True,True,"Action,Simulation",Nintendo,17.95,Nintendo Wii,2007,0,10.75
Trauma Center: Second Opinion,1,True,True,"Action,Simulation",Nintendo,17.95,Nintendo Wii,2006,1,8.683333333333334
Trauma Center: Under the Knife,1,True,True,"Action,Simulation",Nintendo,15.95,Nintendo DS,2005,3,8.15
Trauma Center: Under The Knife 2,1,True,True,"Action,Simulation",,19.95,Nintendo DS,2008,0,12.0
Tropix!,1,True,True,Action,,23.95,Nintendo DS,2008,0,0.0
True Swing Golf,1,True,True,Sports,Nintendo,14.95,Nintendo DS,2005,0,0.0
Turn It Around,1,True,True,"Racing / Driving,Sports",,9.95,Nintendo DS,2007,1,0.0
Turning Point: Fall of Liberty,1,True,True,Action,,7.95,X360,2008,1,5.266666666666667
Turok,1,True,True,Action,,14.95,X360,2008,11,8.45
TV Show King,4,True,True,Strategy,,17.95,Nintendo Wii,2008,2,0.0
Twisted Metal: Head-On,1,True,True,"Action,Racing / Driving",Sony,14.95,Sony PSP,2005,0,0.0
Two Worlds,1,True,True,"Action,Role-Playing (RPG)",,14.95,X360,2007,5,19.2
UEFA Champions League 2006-2007,4,True,True,Sports,EA,6.95,X360,2007,0,0.0
UEFA Euro 2008,7,True,True,Sports,EA,17.95,PlayStation 3,2008,0,0.0
Ultimate Band,1,True,True,"Action,Simulation",Disney,14.95,Nintendo DS,2008,0,0.0
Ultimate Ghosts 'N' Goblins,1,True,True,Action,Capcom,17.95,Sony PSP,2006,1,3.3333333333333335
Ultimate Mortal Kombat 3,1,True,True,Action,Midway,23.95,Nintendo DS,2007,3,1.0666666666666667
Uncharted: Drake's Fortune,1,True,True,Action,Sony,24.95,PlayStation 3,2007,91,8.5
Universe at War: Earth Assault,1,True,True,"Action,Strategy",Sega,14.95,X360,2008,0,16.0
Unreal Tournament III,1,True,True,Action,Midway,16.95,PlayStation 3,2007,4,11.0
Unsolved Crimes,1,True,True,"Action,Adventure,Racing / Driving",,17.95,Nintendo DS,2008,0,0.0
Untold Legends: Brotherhood of the Blade,1,True,True,"Action,Role-Playing (RPG)","Activision,Sony",12.95,Sony PSP,2005,0,20.0
Untold Legends: Dark Kingdom,2,True,True,"Action,Role-Playing (RPG)","EA,Sony",16.95,PlayStation 3,2006,1,0.0
Untold Legends: The Warrior's Code,1,True,True,"Action,Role-Playing (RPG)","Sony,Ubisoft",14.95,Sony PSP,2006,0,0.0
Valhalla Knights,1,True,True,"Action,Role-Playing (RPG)",,16.95,Sony PSP,2006,0,0.0
Valkyria Chronicles,1,True,True,"Action,Role-Playing (RPG),Strategy",Sega,24.95,PlayStation 3,2008,18,31.7
Valkyrie Profile: Covenant of the Plume,1,True,True,"Role-Playing (RPG),Strategy",SquareEnix,24.95,Nintendo DS,2008,4,15.466666666666667
Valkyrie Profile: Lenneth,1,True,True,Role-Playing (RPG),SquareEnix,22.95,Sony PSP,2006,6,33.18333333333333
Vampire Rain,1,True,True,Action,Microsoft,11.95,X360,2007,0,10.883333333333333
Victorious Boxers: Revolution,1,True,True,"Action,Simulation,Sports",Ubisoft,24.95,Nintendo Wii,2007,0,0.0
Viewtiful Joe: Double Trouble!,1,True,True,Action,Capcom,14.95,Nintendo DS,2005,0,5.166666666666667
Viewtiful Joe: Red Hot Rumble,1,True,True,Action,Capcom,14.95,Sony PSP,2006,0,4.8
Viking: Battle for Asgard,1,True,True,Action,Sega,14.95,X360,2008,15,13.033333333333333
Virtua Fighter 5,2,True,True,Action,Sega,14.95,PlayStation 3,2007,2,1.1666666666666667
Virtua Tennis 3,4,True,True,Sports,Sega,19.95,PlayStation 3,2007,0,17.0
Virtua Tennis: World Tour,1,True,True,Sports,Sega,14.95,Sony PSP,2005,0,0.0
Viva Pi$?ata,4,True,True,"Simulation,Strategy",Microsoft,16.95,X360,2006,9,18.0
Viva Pi$?ata: Party Animals,4,True,True,Racing / Driving,Microsoft,14.95,X360,2007,1,0.0
Viva Pi$?ata: Pocket Paradise,1,True,True,"Simulation,Strategy",THQ,17.95,Nintendo DS,2008,0,20.333333333333332
Viva Pi$?ata: Trouble in Paradise,2,True,True,"Racing / Driving,Simulation,Strategy",Microsoft,17.95,X360,2008,2,70.0
Wall-E,4,True,True,Action,THQ,17.95,Nintendo Wii,2008,1,6.283333333333333
"Warhammer 40,000: Squad Command",1,True,True,Strategy,THQ,17.95,Sony PSP,2007,0,0.0
Warhammer: Battle for Atluma,1,True,True,Strategy,Namco,17.95,Sony PSP,2006,0,0.0
Wario Land: Shake It!,1,True,True,Action,Nintendo,19.95,Nintendo Wii,2008,3,6.2
Wario: Master of Disguise,1,True,True,Action,Nintendo,14.95,Nintendo DS,2007,0,8.716666666666667
WarioWare Touched!,2,True,True,"Action,Racing / Driving,Sports",Nintendo,22.95,Nintendo DS,2004,16,1.9166666666666665
WarioWare: Smooth Moves,6,True,True,"Action,Racing / Driving,Sports",Nintendo,39.95,Nintendo Wii,2006,8,2.7666666666666666
Warriors Orochi,2,True,True,"Action,Role-Playing (RPG)",,19.95,X360,2007,1,10.25
WarTech: Senko no Ronde,2,True,True,Action,Ubisoft,12.95,X360,2006,1,0.85
Wii Fit,1,True,True,"Educational,Sports",Nintendo,24.95,Nintendo Wii,2007,0,3.85
Wii Play,2,True,True,"Action,Sports",Nintendo,14.95,Nintendo Wii,2006,0,4.083333333333333
Wild Arms XF,1,True,True,Role-Playing (RPG),,17.95,Sony PSP,2008,1,52.233333333333334
Winning Eleven: Pro Evolution Soccer 2007,6,True,True,Sports,Konami,11.95,X360,2006,1,10.0
Winter Sports: The Ultimate Challenge,1,True,True,"Racing / Driving,Sports",,16.95,Nintendo Wii,2007,0,0.0
WipEout Pulse,1,True,True,"Action,Racing / Driving",Sony,16.95,Sony PSP,2007,2,7.716666666666667
WipEout Pure,1,True,True,"Action,Racing / Driving",Sony,12.95,Sony PSP,2005,0,6.716666666666667
WordJong,1,True,True,Strategy,,17.95,Nintendo DS,2007,0,0.0
World Series of Poker,1,True,True,"Sports,Strategy",Activision,14.95,Sony PSP,2005,0,0.0
World Series of Poker 2008: Battle for the Brac...,1,True,True,Simulation,Activision,19.95,X360,2007,0,0.0
Worms: A Space Oddity,4,True,True,"Action,Strategy",THQ,17.95,Nintendo Wii,2008,0,0.0
Worms: Open Warfare,1,True,True,"Action,Strategy",THQ,17.95,Sony PSP,2006,1,8.25
Worms: Open Warfare 2,1,True,True,"Action,Strategy",THQ,17.95,Nintendo DS,2007,1,8.25
WWE Smackdown vs. Raw 2006,4,True,True,"Action,Sports",THQ,14.95,Sony PSP,2005,3,7.966666666666667
WWE SmackDown vs. Raw 2007,4,True,True,Sports,THQ,12.95,X360,2006,3,8.75
WWE Smackdown vs. Raw 2008,4,True,True,Sports,THQ,12.95,X360,2007,5,9.65
WWE SmackDown vs. Raw 2008,1,True,True,Sports,THQ,14.95,Nintendo DS,2007,5,9.65
X-Men: Legends II - Rise of Apocalypse,1,True,True,"Action,Role-Playing (RPG)",Activision,17.95,Sony PSP,2005,2,22.566666666666666
X-Men: The Official Game,1,True,True,Action,Activision,14.95,X360,2006,3,12.5
Xiaolin Showdown,1,True,True,Action,Konami,14.95,Sony PSP,2006,1,6.0
Yoshi Touch & Go,1,True,True,Action,Nintendo,17.95,Nintendo DS,2005,0,3.0
Yoshi's Island DS,1,True,True,Action,Nintendo,27.95,Nintendo DS,2006,0,8.516666666666667
Ys VI: The Ark of Napishtim,1,True,True,"Action,Role-Playing (RPG)",Konami,16.95,Sony PSP,2006,5,14.366666666666667
Zack & Wiki: Quest for Barbaros' Treasure,1,True,True,Adventure,Capcom,17.95,Nintendo Wii,2007,3,15.483333333333333
Zendoku,1,True,True,"Role-Playing (RPG),Strategy",Eidos,16.95,Nintendo DS,2007,1,0.0
Zoids Assault,1,True,True,"Role-Playing (RPG),Strategy",,17.95,X360,2007,1,11.0
Zoo Keeper,1,True,True,Action,,14.95,Nintendo DS,2004,1,6.0
Zoo Tycoon DS,1,True,True,"Simulation,Strategy",THQ,12.95,Nintendo DS,2005,0,0.0
Zubo,1,True,True,"Adventure,Role-Playing (RPG),Strategy",EA,14.95,Nintendo DS,2008,0,0.0
